order_no,mem_no,order_date,product_code,sales_qty
1,1000970,2019-05-02,505,2
2,1000970,2019-05-03,75,3
3,1000021,2019-05-07,494,2
4,1000023,2019-05-07,644,2
5,1000025,2019-05-07,518,2
6,1000031,2019-05-07,518,1
7,1000037,2019-05-07,455,1
8,1000029,2019-05-08,614,2
9,1000037,2019-05-08,200,2
10,1000039,2019-05-08,111,2
11,1000023,2019-05-09,530,4
12,1000027,2019-05-09,57,3
13,1000035,2019-05-09,136,3
14,1000041,2019-05-09,623,3
15,1000027,2019-05-10,112,4
16,1000043,2019-05-10,505,4
17,1000029,2019-05-11,284,5
18,1000033,2019-05-11,136,5
19,1000033,2019-05-11,158,5
20,1000037,2019-05-11,467,5
21,1000043,2019-05-11,580,5
22,1000045,2019-05-11,455,1
23,1000048,2019-05-12,565,2
24,1000052,2019-05-12,4,2
25,1000059,2019-05-13,152,3
26,1000025,2019-05-13,603,8
27,1000039,2019-05-13,639,7
28,1000041,2019-05-13,523,7
29,1000048,2019-05-13,534,3
30,1000052,2019-05-13,614,3
31,1000023,2019-05-14,158,9
32,1000029,2019-05-14,306,8
33,1000045,2019-05-14,370,4
34,1000048,2019-05-14,5,4
35,1000055,2019-05-14,158,4
36,1000067,2019-05-15,580,1
37,1000067,2019-05-15,565,1
38,1000031,2019-05-15,158,9
39,1000076,2019-05-15,558,1
40,1000076,2019-05-15,561,1
41,1000035,2019-05-15,6,9
42,1000057,2019-05-15,565,5
43,1000045,2019-05-15,29,5
44,1000021,2019-05-16,30,11
45,1000027,2019-05-16,112,10
46,1000078,2019-05-16,144,2
47,1000039,2019-05-16,639,10
48,1000055,2019-05-16,19,6
49,1000071,2019-05-17,370,3
50,1000078,2019-05-17,158,3
51,1000050,2019-05-18,565,8
52,1000050,2019-05-18,20,8
53,1000057,2019-05-19,112,9
54,1000057,2019-05-19,15,9
55,1000043,2019-05-19,16,13
56,1000050,2019-05-19,534,9
57,1000059,2019-05-20,614,10
58,1000025,2019-05-20,25,15
59,1000041,2019-05-20,26,14
60,1000052,2019-05-20,518,10
61,1000021,2019-05-21,494,16
62,1000033,2019-05-22,558,16
63,1000076,2019-05-22,10,8
64,1000035,2019-05-22,152,16
65,1000031,2019-05-23,11,17
66,1000071,2019-05-24,527,10
67,1000055,2019-05-24,357,14
68,1000059,2019-05-26,7,16
69,1000067,2019-05-27,8,13
70,1000071,2019-05-27,9,13
71,1000078,2019-05-27,27,13
72,1000168,2019-06-10,370,1
73,1000162,2019-06-10,28,1
74,1000160,2019-06-10,561,2
75,1000158,2019-06-10,17,2
76,1000166,2019-06-11,603,2
77,1000164,2019-06-11,18,2
78,1000164,2019-06-11,561,2
79,1000168,2019-06-12,455,3
80,1000160,2019-06-12,23,4
81,1000175,2019-06-12,357,1
82,1000170,2019-06-12,112,1
83,1000158,2019-06-13,24,5
84,1000182,2019-06-14,1,3
85,1000182,2019-06-16,2,5
86,1000158,2019-06-17,370,9
87,1000178,2019-06-17,3,6
88,1000166,2019-06-18,370,9
89,1000180,2019-06-18,21,7
90,1000173,2019-06-18,637,7
91,1000180,2019-06-19,112,8
92,1000180,2019-06-19,306,8
93,1000175,2019-06-19,22,8
94,1000173,2019-06-19,89,8
95,1000178,2019-06-20,561,9
96,1000168,2019-06-21,17,12
97,1000160,2019-06-21,7,13
98,1000178,2019-06-21,534,10
99,1000170,2019-06-21,357,10
100,1000173,2019-06-22,14,11
101,1000166,2019-06-23,18,14
102,1000162,2019-06-23,561,14
103,1000162,2019-06-23,19,14
104,1000182,2019-06-26,20,15
105,1000164,2019-06-27,21,18
106,1000175,2019-06-27,22,16
107,1000170,2019-06-27,23,16
108,1000217,2019-06-28,370,1
109,1000217,2019-06-29,24,2
110,1000220,2019-06-29,62,2
111,1000213,2019-06-30,158,3
112,1000220,2019-06-30,639,3
113,1000222,2019-06-30,25,1
114,1000213,2019-07-02,565,5
115,1000217,2019-07-02,639,5
116,1000229,2019-07-02,26,1
117,1000226,2019-07-02,27,1
118,1000225,2019-07-02,644,1
119,1000224,2019-07-02,518,1
120,1000230,2019-07-03,28,2
121,1000225,2019-07-03,353,2
122,1000232,2019-07-04,352,3
123,1000230,2019-07-04,370,3
124,1000227,2019-07-04,361,3
125,1000226,2019-07-04,75,3
126,1000230,2019-07-05,29,4
127,1000234,2019-07-06,151,1
128,1000231,2019-07-06,4,5
129,1000227,2019-07-06,5,5
130,1000220,2019-07-06,6,9
131,1000226,2019-07-06,361,5
132,1000239,2019-07-07,158,2
133,1000238,2019-07-07,561,2
134,1000236,2019-07-07,370,2
135,1000234,2019-07-07,29,2
136,1000236,2019-07-08,644,3
137,1000224,2019-07-08,30,7
138,1000235,2019-07-09,19,4
139,1000233,2019-07-09,455,5
140,1000229,2019-07-09,487,8
141,1000243,2019-07-10,158,1
142,1000242,2019-07-10,62,1
143,1000241,2019-07-10,639,5
144,1000240,2019-07-10,151,5
145,1000238,2019-07-10,20,5
146,1000231,2019-07-10,370,9
147,1000231,2019-07-10,370,9
148,1000224,2019-07-10,170,9
149,1000249,2019-07-11,15,2
150,1000248,2019-07-11,527,2
151,1000246,2019-07-11,370,2
152,1000245,2019-07-11,16,2
153,1000227,2019-07-11,25,10
154,1000249,2019-07-12,639,3
155,1000247,2019-07-12,614,3
156,1000245,2019-07-12,561,3
157,1000245,2019-07-12,455,3
158,1000244,2019-07-12,26,3
159,1000235,2019-07-12,10,7
160,1000233,2019-07-12,352,8
161,1000233,2019-07-12,11,8
162,1000249,2019-07-13,370,4
163,1000248,2019-07-13,7,4
164,1000241,2019-07-13,561,8
165,1000240,2019-07-13,639,8
166,1000240,2019-07-13,8,8
167,1000236,2019-07-13,9,8
168,1000213,2019-07-13,27,16
169,1000222,2019-07-13,28,14
170,1000258,2019-07-14,637,1
171,1000253,2019-07-14,565,1
172,1000247,2019-07-14,505,5
173,1000244,2019-07-14,644,5
174,1000235,2019-07-14,370,9
175,1000225,2019-07-14,17,13
176,1000246,2019-07-15,487,6
177,1000239,2019-07-15,639,10
178,1000237,2019-07-15,518,10
179,1000234,2019-07-15,18,10
180,1000229,2019-07-15,23,14
181,1000250,2019-07-16,24,7
182,1000241,2019-07-16,1,11
183,1000259,2019-07-17,370,3
184,1000255,2019-07-17,370,4
185,1000250,2019-07-17,170,8
186,1000250,2019-07-17,352,8
187,1000237,2019-07-17,2,12
188,1000232,2019-07-17,361,16
189,1000267,2019-07-18,158,1
190,1000266,2019-07-18,603,1
191,1000265,2019-07-18,561,1
192,1000265,2019-07-18,370,1
193,1000264,2019-07-18,455,1
194,1000263,2019-07-18,370,1
195,1000262,2019-07-18,151,1
196,1000262,2019-07-18,455,1
197,1000261,2019-07-18,370,1
198,1000257,2019-07-18,3,5
199,1000257,2019-07-18,306,5
200,1000256,2019-07-18,637,5
201,1000243,2019-07-18,357,9
202,1000242,2019-07-18,639,9
203,1000237,2019-07-18,455,13
204,1000268,2019-07-20,158,1
205,1000266,2019-07-20,370,3
206,1000264,2019-07-20,561,3
207,1000254,2019-07-20,644,7
208,1000247,2019-07-20,505,11
209,1000264,2019-07-21,21,4
210,1000251,2019-07-21,643,8
211,1000239,2019-07-21,22,16
212,1000276,2019-07-22,158,1
213,1000275,2019-07-22,18,1
214,1000271,2019-07-22,561,1
215,1000269,2019-07-22,8,1
216,1000269,2019-07-22,200,1
217,1000267,2019-07-22,455,5
218,1000262,2019-07-22,14,5
219,1000259,2019-07-22,62,8
220,1000252,2019-07-22,370,9
221,1000246,2019-07-22,370,13
222,1000243,2019-07-22,9,13
223,1000276,2019-07-23,306,2
224,1000274,2019-07-23,534,2
225,1000271,2019-07-23,15,2
226,1000256,2019-07-23,527,10
227,1000254,2019-07-23,158,10
228,1000252,2019-07-23,370,10
229,1000248,2019-07-23,614,14
230,1000238,2019-07-23,15,18
231,1000275,2019-07-24,16,3
232,1000274,2019-07-24,523,3
233,1000273,2019-07-24,352,3
234,1000272,2019-07-24,17,3
235,1000270,2019-07-24,361,3
236,1000263,2019-07-24,561,7
237,1000261,2019-07-24,561,7
238,1000256,2019-07-24,18,11
239,1000255,2019-07-24,4,11
240,1000222,2019-07-24,5,25
241,1000279,2019-07-25,170,1
242,1000278,2019-07-25,170,1
243,1000275,2019-07-25,75,4
244,1000272,2019-07-25,6,4
245,1000260,2019-07-25,29,8
246,1000252,2019-07-25,30,12
247,1000242,2019-07-25,19,16
248,1000273,2019-07-26,20,5
249,1000271,2019-07-26,353,5
250,1000259,2019-07-26,15,12
251,1000258,2019-07-26,62,13
252,1000255,2019-07-26,455,13
253,1000254,2019-07-26,598,13
254,1000251,2019-07-26,352,13
255,1000285,2019-07-26,370,1
256,1000280,2019-07-26,200,2
257,1000232,2019-07-26,558,25
258,1000279,2019-07-27,455,3
259,1000260,2019-07-27,565,10
260,1000258,2019-07-27,16,14
261,1000253,2019-07-27,158,14
262,1000253,2019-07-27,25,14
263,1000289,2019-07-27,533,2
264,1000286,2019-07-27,370,2
265,1000244,2019-07-27,26,18
266,1000280,2019-07-27,306,3
267,1000270,2019-07-28,200,7
268,1000268,2019-07-28,152,9
269,1000257,2019-07-28,10,15
270,1000251,2019-07-28,11,15
271,1000288,2019-07-28,370,3
272,1000281,2019-07-28,494,4
273,1000277,2019-07-29,7,5
274,1000278,2019-07-30,8,6
275,1000272,2019-07-30,523,9
276,1000296,2019-07-30,158,1
277,1000295,2019-07-30,565,1
278,1000294,2019-07-30,9,1
279,1000292,2019-07-30,357,1
280,1000292,2019-07-30,352,1
281,1000292,2019-07-30,27,1
282,1000290,2019-07-30,518,1
283,1000287,2019-07-30,533,5
284,1000287,2019-07-30,505,5
285,1000283,2019-07-30,603,5
286,1000270,2019-07-31,614,10
287,1000266,2019-07-31,28,14
288,1000260,2019-07-31,561,14
289,1000293,2019-07-31,614,2
290,1000284,2019-07-31,17,6
291,1000283,2019-07-31,18,6
292,1000278,2019-08-01,136,8
293,1000274,2019-08-01,23,11
294,1000298,2019-08-01,494,3
295,1000295,2019-08-01,152,3
296,1000291,2019-08-01,614,3
297,1000291,2019-08-01,24,3
298,1000288,2019-08-01,1,7
299,1000277,2019-08-02,457,9
300,1000297,2019-08-02,170,4
301,1000288,2019-08-02,533,8
302,1000287,2019-08-02,2,8
303,1000282,2019-08-02,637,8
304,1000281,2019-08-02,200,9
305,1000268,2019-08-03,3,15
306,1000267,2019-08-03,21,17
307,1000263,2019-08-03,22,17
308,1000302,2019-08-03,370,1
309,1000261,2019-08-03,12,17
310,1000301,2019-08-03,561,1
311,1000300,2019-08-03,62,1
312,1000294,2019-08-03,27,5
313,1000284,2019-08-03,561,9
314,1000307,2019-08-04,352,1
315,1000265,2019-08-04,16,18
316,1000296,2019-08-04,4,6
317,1000289,2019-08-04,357,10
318,1000286,2019-08-04,623,10
319,1000285,2019-08-04,170,10
320,1000283,2019-08-04,561,10
321,1000282,2019-08-04,603,10
322,1000280,2019-08-04,5,11
323,1000276,2019-08-05,6,15
324,1000273,2019-08-05,29,15
325,1000303,2019-08-05,170,2
326,1000303,2019-08-05,144,2
327,1000303,2019-08-05,30,2
328,1000300,2019-08-05,370,3
329,1000299,2019-08-05,349,3
330,1000298,2019-08-05,19,7
331,1000297,2019-08-05,623,7
332,1000289,2019-08-05,20,11
333,1000269,2019-08-06,15,16
334,1000298,2019-08-06,170,8
335,1000291,2019-08-06,349,8
336,1000279,2019-08-07,16,14
337,1000307,2019-08-07,527,4
338,1000302,2019-08-07,25,5
339,1000301,2019-08-07,26,5
340,1000296,2019-08-07,370,9
341,1000294,2019-08-07,639,9
342,1000293,2019-08-07,10,9
343,1000290,2019-08-07,158,9
344,1000311,2019-08-08,639,2
345,1000309,2019-08-08,11,2
346,1000305,2019-08-08,4,5
347,1000304,2019-08-08,361,5
348,1000299,2019-08-08,5,6
349,1000293,2019-08-08,457,10
350,1000284,2019-08-08,505,14
351,1000282,2019-08-08,6,14
352,1000317,2019-08-09,370,1
353,1000314,2019-08-09,353,1
354,1000313,2019-08-09,136,1
355,1000308,2019-08-09,561,3
356,1000305,2019-08-09,29,6
357,1000297,2019-08-09,30,11
358,1000295,2019-08-09,598,11
359,1000285,2019-08-09,19,15
360,1000316,2019-08-10,20,2
361,1000308,2019-08-10,15,4
362,1000301,2019-08-10,349,8
363,1000320,2019-08-11,455,1
364,1000277,2019-08-11,16,18
365,1000317,2019-08-11,136,3
366,1000316,2019-08-11,370,3
367,1000313,2019-08-11,25,3
368,1000310,2019-08-11,62,5
369,1000310,2019-08-11,603,5
370,1000307,2019-08-11,26,8
371,1000306,2019-08-11,644,8
372,1000286,2019-08-11,10,17
373,1000281,2019-08-11,11,18
374,1000321,2019-08-11,614,1
375,1000306,2019-08-12,487,9
376,1000304,2019-08-12,7,9
377,1000299,2019-08-12,144,10
378,1000290,2019-08-12,8,14
379,1000321,2019-08-12,9,2
380,1000320,2019-08-13,637,3
381,1000319,2019-08-13,158,3
382,1000319,2019-08-13,455,3
383,1000306,2019-08-13,27,10
384,1000305,2019-08-13,644,10
385,1000304,2019-08-13,527,10
386,1000300,2019-08-13,28,11
387,1000321,2019-08-14,370,4
388,1000322,2019-08-14,17,1
389,1000323,2019-08-14,614,1
390,1000325,2019-08-14,370,1
391,1000318,2019-08-15,370,5
392,1000314,2019-08-15,457,7
393,1000311,2019-08-15,603,9
394,1000327,2019-08-15,357,1
395,1000327,2019-08-15,18,1
396,1000315,2019-08-16,614,8
397,1000309,2019-08-16,523,10
398,1000308,2019-08-16,370,10
399,1000326,2019-08-16,370,3
400,1000315,2019-08-17,457,9
401,1000328,2019-08-17,523,3
402,1000330,2019-08-17,136,3
403,1000318,2019-08-18,370,8
404,1000316,2019-08-18,23,10
405,1000311,2019-08-18,533,12
406,1000317,2019-08-19,24,11
407,1000302,2019-08-19,1,17
408,1000329,2019-08-19,2,5
409,1000340,2019-08-19,370,1
410,1000338,2019-08-19,614,1
411,1000331,2019-08-19,603,1
412,1000331,2019-08-19,534,1
413,1000332,2019-08-19,200,1
414,1000332,2019-08-19,170,1
415,1000332,2019-08-19,3,1
416,1000335,2019-08-19,170,1
417,1000334,2019-08-19,505,1
418,1000309,2019-08-20,561,14
419,1000322,2019-08-20,644,7
420,1000324,2019-08-20,558,7
421,1000338,2019-08-20,21,2
422,1000323,2019-08-21,561,8
423,1000328,2019-08-21,357,7
424,1000330,2019-08-21,152,7
425,1000337,2019-08-21,22,3
426,1000336,2019-08-21,533,3
427,1000335,2019-08-21,352,3
428,1000319,2019-08-22,12,12
429,1000314,2019-08-22,28,14
430,1000310,2019-08-22,25,16
431,1000322,2019-08-22,455,9
432,1000328,2019-08-22,4,8
433,1000329,2019-08-22,643,8
434,1000324,2019-08-23,5,10
435,1000325,2019-08-23,370,10
436,1000326,2019-08-23,200,10
437,1000341,2019-08-23,349,1
438,1000329,2019-08-23,62,9
439,1000339,2019-08-23,145,5
440,1000338,2019-08-23,614,5
441,1000336,2019-08-23,200,5
442,1000333,2019-08-23,534,5
443,1000315,2019-08-24,15,16
444,1000344,2019-08-24,353,2
445,1000343,2019-08-24,527,2
446,1000327,2019-08-24,349,10
447,1000342,2019-08-24,561,2
448,1000341,2019-08-24,370,2
449,1000341,2019-08-24,16,2
450,1000340,2019-08-24,25,6
451,1000330,2019-08-24,170,10
452,1000334,2019-08-24,26,6
453,1000320,2019-08-25,10,15
454,1000348,2019-08-25,306,2
455,1000345,2019-08-25,170,3
456,1000344,2019-08-25,11,3
457,1000339,2019-08-25,7,7
458,1000333,2019-08-25,370,7
459,1000313,2019-08-26,8,18
460,1000347,2019-08-26,9,3
461,1000346,2019-08-26,370,3
462,1000325,2019-08-26,27,13
463,1000345,2019-08-26,28,4
464,1000326,2019-08-26,17,13
465,1000318,2019-08-27,18,17
466,1000348,2019-08-27,455,4
467,1000324,2019-08-27,644,14
468,1000344,2019-08-27,603,5
469,1000340,2019-08-27,170,9
470,1000334,2019-08-27,136,9
471,1000353,2019-08-28,9,2
472,1000352,2019-08-28,370,2
473,1000350,2019-08-28,158,5
474,1000323,2019-08-28,27,15
475,1000337,2019-08-28,28,10
476,1000337,2019-08-28,200,10
477,1000360,2019-08-29,561,1
478,1000360,2019-08-29,17,1
479,1000358,2019-08-29,614,1
480,1000358,2019-08-29,18,1
481,1000357,2019-08-29,200,1
482,1000355,2019-08-29,136,3
483,1000355,2019-08-29,561,3
484,1000354,2019-08-29,158,3
485,1000352,2019-08-29,23,3
486,1000348,2019-08-29,24,6
487,1000333,2019-08-29,1,11
488,1000352,2019-08-30,494,4
489,1000345,2019-08-30,561,8
490,1000343,2019-08-30,26,8
491,1000335,2019-08-30,2,12
492,1000363,2019-08-31,353,1
493,1000354,2019-08-31,534,5
494,1000353,2019-08-31,62,5
495,1000349,2019-08-31,644,8
496,1000346,2019-08-31,306,8
497,1000343,2019-08-31,561,9
498,1000359,2019-09-01,349,4
499,1000350,2019-09-01,614,9
500,1000350,2019-09-01,3,9
501,1000347,2019-09-01,21,9
502,1000346,2019-09-01,22,9
503,1000342,2019-09-01,370,10
504,1000339,2019-09-01,614,14
505,1000331,2019-09-01,12,14
506,1000363,2019-09-02,13,3
507,1000362,2019-09-02,306,3
508,1000362,2019-09-02,370,3
509,1000361,2019-09-02,370,3
510,1000349,2019-09-02,158,10
511,1000347,2019-09-02,349,10
512,1000336,2019-09-02,14,15
513,1000370,2019-09-03,370,1
514,1000367,2019-09-03,561,1
515,1000351,2019-09-03,505,8
516,1000342,2019-09-03,644,12
517,1000370,2019-09-04,349,2
518,1000369,2019-09-04,637,2
519,1000365,2019-09-04,533,5
520,1000364,2019-09-04,639,5
521,1000359,2019-09-04,370,7
522,1000357,2019-09-04,509,7
523,1000369,2019-09-05,4,3
524,1000368,2019-09-05,561,3
525,1000357,2019-09-05,637,8
526,1000356,2019-09-05,561,8
527,1000353,2019-09-05,357,10
528,1000351,2019-09-05,370,10
529,1000375,2019-09-06,370,3
530,1000375,2019-09-06,565,3
531,1000374,2019-09-06,457,3
532,1000373,2019-09-06,5,3
533,1000372,2019-09-06,6,3
534,1000366,2019-09-07,158,5
535,1000364,2019-09-07,349,8
536,1000362,2019-09-07,29,8
537,1000360,2019-09-07,637,10
538,1000358,2019-09-07,75,10
539,1000356,2019-09-07,170,10
540,1000349,2019-09-07,467,15
541,1000385,2019-09-08,580,1
542,1000385,2019-09-08,30,1
543,1000382,2019-09-08,505,1
544,1000379,2019-09-08,505,1
545,1000378,2019-09-08,644,1
546,1000378,2019-09-08,603,1
547,1000377,2019-09-08,565,1
548,1000377,2019-09-08,19,1
549,1000376,2019-09-08,158,1
550,1000374,2019-09-08,370,5
551,1000371,2019-09-08,533,5
552,1000365,2019-09-08,505,9
553,1000365,2019-09-08,20,9
554,1000361,2019-09-08,370,9
555,1000381,2019-09-09,15,2
556,1000379,2019-09-09,152,2
557,1000378,2019-09-09,16,2
558,1000363,2019-09-09,349,10
559,1000361,2019-09-09,25,10
560,1000384,2019-09-10,533,3
561,1000383,2019-09-10,603,3
562,1000364,2019-09-10,26,11
563,1000351,2019-09-10,10,15
564,1000384,2019-09-11,57,4
565,1000377,2019-09-11,565,4
566,1000373,2019-09-11,349,8
567,1000372,2019-09-11,561,8
568,1000366,2019-09-11,533,9
569,1000390,2019-09-12,561,1
570,1000390,2019-09-12,89,1
571,1000389,2019-09-12,158,1
572,1000388,2019-09-12,527,1
573,1000386,2019-09-12,455,1
574,1000383,2019-09-12,455,5
575,1000369,2019-09-12,455,10
576,1000368,2019-09-12,370,10
577,1000356,2019-09-12,11,15
578,1000355,2019-09-12,7,17
579,1000354,2019-09-12,8,17
580,1000380,2019-09-13,9,6
581,1000372,2019-09-13,349,10
582,1000371,2019-09-13,457,10
583,1000370,2019-09-13,27,11
584,1000366,2019-09-13,142,11
585,1000395,2019-09-13,28,1
586,1000394,2019-09-13,580,1
587,1000392,2019-09-13,89,1
588,1000392,2019-09-13,523,1
589,1000391,2019-09-13,523,1
590,1000390,2019-09-14,17,3
591,1000389,2019-09-14,533,3
592,1000387,2019-09-14,18,3
593,1000386,2019-09-14,112,3
594,1000384,2019-09-14,23,7
595,1000381,2019-09-14,370,7
596,1000368,2019-09-14,185,12
597,1000359,2019-09-14,24,17
598,1000394,2019-09-14,1,2
599,1000380,2019-09-15,370,8
600,1000387,2019-09-16,306,5
601,1000387,2019-09-16,455,5
602,1000381,2019-09-16,505,9
603,1000376,2019-09-16,370,9
604,1000367,2019-09-16,561,14
605,1000397,2019-09-16,144,1
606,1000396,2019-09-16,370,1
607,1000389,2019-09-17,2,6
608,1000382,2019-09-17,3,10
609,1000379,2019-09-17,603,10
610,1000375,2019-09-17,21,14
611,1000373,2019-09-17,457,14
612,1000401,2019-09-17,370,2
613,1000399,2019-09-17,580,2
614,1000393,2019-09-17,152,5
615,1000383,2019-09-18,22,11
616,1000382,2019-09-18,12,11
617,1000396,2019-09-18,370,3
618,1000374,2019-09-19,13,16
619,1000367,2019-09-19,14,17
620,1000406,2019-09-19,629,2
621,1000403,2019-09-19,144,2
622,1000401,2019-09-19,4,4
623,1000400,2019-09-19,5,4
624,1000399,2019-09-19,6,4
625,1000393,2019-09-19,370,7
626,1000388,2019-09-20,533,9
627,1000386,2019-09-20,29,9
628,1000411,2019-09-20,487,1
629,1000406,2019-09-20,89,3
630,1000405,2019-09-20,457,3
631,1000405,2019-09-20,144,3
632,1000404,2019-09-20,30,3
633,1000400,2019-09-20,19,5
634,1000399,2019-09-20,15,5
635,1000380,2019-09-21,370,14
636,1000371,2019-09-21,16,18
637,1000407,2019-09-21,565,2
638,1000405,2019-09-21,25,4
639,1000395,2019-09-21,580,9
640,1000388,2019-09-22,26,11
641,1000411,2019-09-22,10,3
642,1000410,2019-09-22,11,3
643,1000407,2019-09-22,158,3
644,1000404,2019-09-22,349,5
645,1000394,2019-09-22,145,10
646,1000376,2019-09-23,7,16
647,1000414,2019-09-23,361,1
648,1000414,2019-09-23,145,1
649,1000414,2019-09-23,8,1
650,1000408,2019-09-23,9,4
651,1000391,2019-09-23,27,11
652,1000385,2019-09-24,142,17
653,1000418,2019-09-24,565,1
654,1000418,2019-09-24,28,1
655,1000413,2019-09-24,17,2
656,1000411,2019-09-24,18,5
657,1000410,2019-09-24,18,5
658,1000408,2019-09-24,558,5
659,1000400,2019-09-24,637,9
660,1000393,2019-09-24,23,12
661,1000416,2019-09-25,112,3
662,1000415,2019-09-25,24,3
663,1000412,2019-09-25,614,3
664,1000404,2019-09-25,370,8
665,1000401,2019-09-25,170,10
666,1000397,2019-09-25,349,10
667,1000391,2019-09-25,523,13
668,1000419,2019-09-26,637,3
669,1000417,2019-09-26,370,3
670,1000413,2019-09-26,62,4
671,1000419,2019-09-27,614,4
672,1000418,2019-09-27,170,4
673,1000409,2019-09-27,370,8
674,1000409,2019-09-27,89,8
675,1000402,2019-09-27,1,10
676,1000427,2019-09-28,370,1
677,1000426,2019-09-28,558,1
678,1000422,2019-09-28,603,1
679,1000421,2019-09-28,637,5
680,1000421,2019-09-28,2,5
681,1000417,2019-09-28,455,5
682,1000403,2019-09-28,3,11
683,1000402,2019-09-28,21,11
684,1000396,2019-09-28,22,13
685,1000426,2019-09-29,614,2
686,1000425,2019-09-29,144,2
687,1000413,2019-09-29,505,7
688,1000410,2019-09-29,158,10
689,1000395,2019-09-29,357,17
690,1000392,2019-09-29,12,17
691,1000424,2019-09-30,629,3
692,1000416,2019-09-30,62,8
693,1000415,2019-09-30,13,8
694,1000412,2019-09-30,62,8
695,1000407,2019-09-30,14,11
696,1000403,2019-09-30,637,13
697,1000426,2019-10-01,4,4
698,1000420,2019-10-01,629,8
699,1000420,2019-10-01,5,8
700,1000402,2019-10-01,6,14
701,1000427,2019-10-02,534,5
702,1000424,2019-10-02,29,5
703,1000422,2019-10-02,518,5
704,1000421,2019-10-02,170,9
705,1000412,2019-10-02,30,10
706,1000409,2019-10-02,19,13
707,1000406,2019-10-02,20,15
708,1000013,2019-10-03,455,1
709,1000013,2019-10-03,637,1
710,1000015,2019-10-03,357,1
711,1000017,2019-10-03,15,1
712,1000012,2019-10-03,158,1
713,1000014,2019-10-03,170,1
714,1000397,2019-10-03,16,18
715,1000005,2019-10-04,527,3
716,1000005,2019-10-04,151,3
717,1000016,2019-10-04,25,2
718,1000020,2019-10-04,75,1
719,1000020,2019-10-04,26,1
720,1000008,2019-10-04,370,2
721,1000014,2019-10-04,637,2
722,1000009,2019-10-05,75,3
723,1000009,2019-10-05,10,3
724,1000011,2019-10-05,89,3
725,1000016,2019-10-05,505,3
726,1000016,2019-10-05,158,3
727,1000420,2019-10-05,11,12
728,1000417,2019-10-05,7,12
729,1000416,2019-10-05,8,13
730,1000020,2019-10-06,558,3
731,1000026,2019-10-06,9,1
732,1000424,2019-10-06,349,9
733,1000022,2019-10-07,170,2
734,1000008,2019-10-07,561,5
735,1000036,2019-10-07,518,1
736,1000040,2019-10-07,455,1
737,1000042,2019-10-07,523,1
738,1000044,2019-10-07,643,1
739,1000408,2019-10-07,27,18
740,1000007,2019-10-08,28,6
741,1000018,2019-10-08,565,5
742,1000018,2019-10-08,357,5
743,1000019,2019-10-08,644,5
744,1000006,2019-10-08,509,6
745,1000026,2019-10-08,200,3
746,1000427,2019-10-08,17,11
747,1000425,2019-10-08,306,11
748,1000005,2019-10-09,57,8
749,1000011,2019-10-09,18,7
750,1000022,2019-10-09,533,4
751,1000012,2019-10-09,306,7
752,1000028,2019-10-09,614,3
753,1000030,2019-10-09,23,3
754,1000034,2019-10-09,643,3
755,1000034,2019-10-09,200,3
756,1000419,2019-10-09,24,16
757,1000008,2019-10-10,1,8
758,1000024,2019-10-10,370,5
759,1000422,2019-10-10,2,13
760,1000038,2019-10-10,527,4
761,1000038,2019-10-10,3,4
762,1000415,2019-10-10,643,18
763,1000062,2019-10-11,523,1
764,1000063,2019-10-11,145,1
765,1000009,2019-10-11,370,9
766,1000064,2019-10-11,21,1
767,1000065,2019-10-11,603,1
768,1000015,2019-10-11,158,9
769,1000006,2019-10-11,145,9
770,1000010,2019-10-11,370,9
771,1000014,2019-10-11,22,9
772,1000030,2019-10-11,170,5
773,1000032,2019-10-11,136,5
774,1000036,2019-10-11,370,5
775,1000038,2019-10-11,352,5
776,1000047,2019-10-11,15,1
777,1000007,2019-10-12,629,10
778,1000007,2019-10-12,370,10
779,1000065,2019-10-12,16,2
780,1000019,2019-10-12,370,9
781,1000018,2019-10-12,25,9
782,1000006,2019-10-12,561,10
783,1000010,2019-10-12,352,10
784,1000028,2019-10-12,357,6
785,1000046,2019-10-12,26,2
786,1000044,2019-10-12,10,6
787,1000047,2019-10-12,370,2
788,1000061,2019-10-13,523,3
789,1000064,2019-10-13,370,3
790,1000024,2019-10-13,11,8
791,1000026,2019-10-13,614,8
792,1000028,2019-10-13,7,7
793,1000058,2019-10-13,357,3
794,1000425,2019-10-13,565,16
795,1000032,2019-10-13,518,7
796,1000046,2019-10-13,457,3
797,1000056,2019-10-13,357,3
798,1000051,2019-10-13,370,3
799,1000061,2019-10-14,8,4
800,1000012,2019-10-14,9,12
801,1000058,2019-10-14,27,4
802,1000032,2019-10-14,28,8
803,1000036,2019-10-14,17,8
804,1000040,2019-10-14,505,8
805,1000060,2019-10-15,637,5
806,1000060,2019-10-15,523,5
807,1000062,2019-10-15,349,5
808,1000022,2019-10-15,644,10
809,1000068,2019-10-15,18,1
810,1000068,2019-10-15,565,1
811,1000010,2019-10-15,360,13
812,1000070,2019-10-15,629,1
813,1000073,2019-10-15,370,1
814,1000075,2019-10-15,370,1
815,1000079,2019-10-15,136,1
816,1000049,2019-10-15,455,5
817,1000051,2019-10-15,26,5
818,1000053,2019-10-15,370,5
819,1000017,2019-10-16,357,14
820,1000077,2019-10-16,10,2
821,1000079,2019-10-16,370,2
822,1000044,2019-10-16,623,10
823,1000013,2019-10-17,11,15
824,1000066,2019-10-17,639,7
825,1000072,2019-10-17,370,3
826,1000073,2019-10-17,7,3
827,1000074,2019-10-17,352,3
828,1000081,2019-10-17,370,2
829,1000066,2019-10-18,89,8
830,1000081,2019-10-18,8,3
831,1000056,2019-10-18,457,8
832,1000047,2019-10-18,457,8
833,1000054,2019-10-18,518,8
834,1000060,2019-10-19,9,9
835,1000011,2019-10-19,27,17
836,1000015,2019-10-19,28,17
837,1000024,2019-10-19,17,14
838,1000072,2019-10-19,158,5
839,1000074,2019-10-19,523,5
840,1000083,2019-10-19,75,1
841,1000084,2019-10-19,75,1
842,1000056,2019-10-19,18,9
843,1000053,2019-10-19,23,9
844,1000053,2019-10-19,24,9
845,1000054,2019-10-19,112,9
846,1000094,2019-10-19,62,1
847,1000061,2019-10-20,505,10
848,1000063,2019-10-20,370,10
849,1000017,2019-10-20,1,18
850,1000019,2019-10-20,530,17
851,1000058,2019-10-20,158,10
852,1000072,2019-10-20,2,6
853,1000080,2019-10-20,370,5
854,1000081,2019-10-20,136,5
855,1000082,2019-10-20,565,5
856,1000049,2019-10-20,370,10
857,1000088,2019-10-20,370,2
858,1000095,2019-10-20,565,1
859,1000097,2019-10-20,3,1
860,1000062,2019-10-21,21,11
861,1000069,2019-10-21,518,7
862,1000073,2019-10-21,370,7
863,1000077,2019-10-21,561,7
864,1000083,2019-10-21,614,3
865,1000046,2019-10-21,22,11
866,1000086,2019-10-21,370,3
867,1000094,2019-10-21,629,3
868,1000098,2019-10-21,370,1
869,1000101,2019-10-21,89,1
870,1000066,2019-10-22,12,12
871,1000070,2019-10-22,628,8
872,1000030,2019-10-22,370,16
873,1000075,2019-10-22,170,8
874,1000085,2019-10-22,62,4
875,1000051,2019-10-22,13,12
876,1000089,2019-10-22,14,4
877,1000093,2019-10-22,4,4
878,1000098,2019-10-22,62,2
879,1000069,2019-10-23,370,9
880,1000075,2019-10-23,5,9
881,1000040,2019-10-23,6,17
882,1000091,2019-10-23,527,5
883,1000093,2019-10-23,158,5
884,1000099,2019-10-23,29,3
885,1000100,2019-10-23,352,3
886,1000100,2019-10-23,30,3
887,1000102,2019-10-23,75,2
888,1000106,2019-10-23,370,1
889,1000107,2019-10-23,145,1
890,1000114,2019-10-23,357,1
891,1000063,2019-10-24,19,14
892,1000065,2019-10-24,505,14
893,1000034,2019-10-24,20,18
894,1000082,2019-10-24,158,9
895,1000042,2019-10-24,15,18
896,1000086,2019-10-24,16,6
897,1000095,2019-10-24,644,5
898,1000105,2019-10-24,25,2
899,1000117,2019-10-24,370,1
900,1000109,2019-10-24,494,2
901,1000110,2019-10-24,565,2
902,1000114,2019-10-24,26,2
903,1000088,2019-10-25,10,7
904,1000102,2019-10-25,11,4
905,1000106,2019-10-25,7,3
906,1000117,2019-10-25,644,2
907,1000109,2019-10-25,518,3
908,1000116,2019-10-25,8,2
909,1000115,2019-10-25,151,3
910,1000113,2019-10-25,136,3
911,1000113,2019-10-25,370,3
912,1000111,2019-10-25,15,3
913,1000112,2019-10-25,349,3
914,1000112,2019-10-25,455,3
915,1000084,2019-10-26,306,8
916,1000085,2019-10-26,457,8
917,1000085,2019-10-26,16,8
918,1000089,2019-10-26,25,8
919,1000091,2019-10-26,62,8
920,1000091,2019-10-26,26,8
921,1000094,2019-10-26,10,8
922,1000103,2019-10-26,527,5
923,1000103,2019-10-26,370,5
924,1000104,2019-10-26,370,5
925,1000104,2019-10-26,561,5
926,1000104,2019-10-26,11,5
927,1000107,2019-10-26,89,4
928,1000108,2019-10-26,7,4
929,1000111,2019-10-26,370,4
930,1000068,2019-10-27,8,13
931,1000077,2019-10-27,561,13
932,1000086,2019-10-27,75,9
933,1000049,2019-10-27,9,17
934,1000087,2019-10-27,370,9
935,1000088,2019-10-27,527,9
936,1000090,2019-10-27,370,9
937,1000099,2019-10-27,170,7
938,1000116,2019-10-27,145,4
939,1000110,2019-10-27,455,5
940,1000064,2019-10-28,27,18
941,1000070,2019-10-28,518,14
942,1000080,2019-10-28,158,13
943,1000080,2019-10-28,28,13
944,1000089,2019-10-28,527,10
945,1000101,2019-10-28,75,8
946,1000090,2019-10-29,17,11
947,1000100,2019-10-29,18,9
948,1000105,2019-10-29,533,7
949,1000115,2019-10-29,370,7
950,1000074,2019-10-30,13,16
951,1000087,2019-10-30,14,12
952,1000095,2019-10-30,4,11
953,1000101,2019-10-30,639,10
954,1000102,2019-10-30,5,9
955,1000108,2019-10-30,370,8
956,1000114,2019-10-30,151,8
957,1000042,2019-10-31,561,25
958,1000082,2019-10-31,6,16
959,1000087,2019-10-31,29,13
960,1000090,2019-10-31,505,13
961,1000115,2019-10-31,30,9
962,1000111,2019-10-31,19,9
963,1000069,2019-11-01,20,18
964,1000079,2019-11-01,15,18
965,1000096,2019-11-01,353,13
966,1000097,2019-11-01,643,13
967,1000116,2019-11-01,457,9
968,1000096,2019-11-02,644,14
969,1000107,2019-11-02,16,11
970,1000112,2019-11-02,25,11
971,1000083,2019-11-03,26,16
972,1000105,2019-11-03,10,12
973,1000084,2019-11-04,11,17
974,1000092,2019-11-04,7,17
975,1000096,2019-11-04,8,16
976,1000099,2019-11-04,9,15
977,1000108,2019-11-04,170,13
978,1000106,2019-11-05,27,14
979,1000109,2019-11-05,28,14
980,1000097,2019-11-06,17,18
981,1000098,2019-11-06,18,17
982,1000092,2019-11-07,643,20
983,1000117,2019-11-07,360,15
984,1000103,2019-11-08,23,18
985,1000113,2019-11-08,24,17
986,1000110,2019-11-09,1,18
987,1000092,2019-11-12,361,25
988,1000093,2019-11-12,639,25
989,1000201,2019-11-20,533,1
990,1000199,2019-11-20,623,1
991,1000198,2019-11-20,170,1
992,1000196,2019-11-20,561,1
993,1000195,2019-11-20,561,1
994,1000194,2019-11-20,457,1
995,1000200,2019-11-21,357,2
996,1000198,2019-11-21,518,2
997,1000196,2019-11-21,370,2
998,1000197,2019-11-22,170,3
999,1000193,2019-11-22,2,3
1000,1000193,2019-11-23,3,4
1001,1000207,2019-11-24,357,1
1002,1000204,2019-11-24,357,1
1003,1000197,2019-11-24,21,5
1004,1000203,2019-11-25,22,2
1005,1000210,2019-11-25,523,1
1006,1000205,2019-11-26,523,3
1007,1000205,2019-11-26,370,3
1008,1000203,2019-11-26,505,3
1009,1000200,2019-11-26,623,7
1010,1000194,2019-11-26,637,7
1011,1000204,2019-11-27,89,4
1012,1000201,2019-11-27,12,8
1013,1000199,2019-11-27,357,8
1014,1000199,2019-11-27,13,8
1015,1000210,2019-11-27,14,3
1016,1000209,2019-11-28,518,5
1017,1000204,2019-11-28,15,5
1018,1000202,2019-11-28,533,5
1019,1000201,2019-11-28,16,9
1020,1000197,2019-11-28,25,9
1021,1000214,2019-11-28,505,1
1022,1000214,2019-11-28,644,1
1023,1000215,2019-11-28,623,1
1024,1000218,2019-11-28,527,1
1025,1000054,2019-11-29,361,50
1026,1000211,2019-11-29,158,2
1027,1000216,2019-11-29,623,2
1028,1000219,2019-11-29,494,2
1029,1000209,2019-11-30,370,7
1030,1000209,2019-11-30,26,7
1031,1000196,2019-11-30,10,11
1032,1000212,2019-11-30,11,3
1033,1000215,2019-11-30,7,3
1034,1000216,2019-11-30,370,3
1035,1000219,2019-11-30,8,3
1036,1000221,2019-11-30,62,3
1037,1000207,2019-12-01,518,8
1038,1000206,2019-12-01,9,8
1039,1000200,2019-12-01,27,12
1040,1000198,2019-12-01,28,12
1041,1000206,2019-12-02,565,9
1042,1000206,2019-12-02,370,9
1043,1000203,2019-12-02,17,9
1044,1000195,2019-12-02,534,13
1045,1000221,2019-12-02,361,5
1046,1000208,2019-12-03,518,10
1047,1000193,2019-12-03,637,14
1048,1000207,2019-12-04,18,11
1049,1000144,2019-12-04,370,1
1050,1000143,2019-12-04,370,1
1051,1000140,2019-12-04,7,1
1052,1000139,2019-12-04,8,1
1053,1000138,2019-12-04,370,1
1054,1000210,2019-12-04,349,10
1055,1000223,2019-12-04,518,5
1056,1000145,2019-12-05,370,1
1057,1000141,2019-12-05,558,2
1058,1000218,2019-12-05,494,8
1059,1000208,2019-12-06,112,13
1060,1000142,2019-12-06,352,3
1061,1000139,2019-12-06,370,3
1062,1000137,2019-12-06,144,3
1063,1000212,2019-12-06,158,9
1064,1000223,2019-12-06,62,7
1065,1000208,2019-12-07,9,14
1066,1000205,2019-12-07,27,14
1067,1000195,2019-12-07,28,18
1068,1000194,2019-12-07,17,18
1069,1000145,2019-12-07,455,3
1070,1000141,2019-12-07,18,4
1071,1000219,2019-12-07,23,10
1072,1000154,2019-12-08,565,1
1073,1000153,2019-12-08,565,1
1074,1000151,2019-12-08,614,1
1075,1000149,2019-12-08,24,1
1076,1000147,2019-12-08,62,1
1077,1000146,2019-12-08,455,1
1078,1000143,2019-12-08,349,5
1079,1000138,2019-12-08,1,5
1080,1000161,2019-12-09,370,1
1081,1000161,2019-12-09,2,1
1082,1000202,2019-12-09,3,16
1083,1000159,2019-12-09,561,1
1084,1000157,2019-12-09,21,1
1085,1000156,2019-12-09,370,2
1086,1000155,2019-12-09,22,2
1087,1000147,2019-12-09,580,2
1088,1000157,2019-12-10,158,2
1089,1000154,2019-12-10,306,3
1090,1000152,2019-12-10,158,3
1091,1000152,2019-12-10,136,3
1092,1000144,2019-12-10,170,7
1093,1000142,2019-12-10,12,7
1094,1000141,2019-12-10,170,7
1095,1000169,2019-12-10,370,1
1096,1000211,2019-12-10,370,13
1097,1000212,2019-12-10,561,13
1098,1000215,2019-12-10,75,13
1099,1000150,2019-12-11,13,4
1100,1000144,2019-12-11,14,8
1101,1000137,2019-12-11,370,8
1102,1000214,2019-12-11,565,14
1103,1000216,2019-12-11,4,14
1104,1000167,2019-12-12,603,3
1105,1000165,2019-12-12,5,3
1106,1000159,2019-12-12,357,4
1107,1000156,2019-12-12,353,5
1108,1000155,2019-12-12,6,5
1109,1000148,2019-12-12,370,5
1110,1000148,2019-12-12,29,5
1111,1000145,2019-12-12,30,8
1112,1000142,2019-12-12,19,9
1113,1000183,2019-12-12,518,1
1114,1000174,2019-12-12,20,1
1115,1000165,2019-12-13,15,4
1116,1000157,2019-12-13,151,5
1117,1000146,2019-12-13,16,6
1118,1000176,2019-12-13,158,2
1119,1000172,2019-12-13,357,2
1120,1000171,2019-12-13,561,2
1121,1000221,2019-12-13,25,16
1122,1000167,2019-12-14,370,5
1123,1000165,2019-12-14,561,5
1124,1000153,2019-12-14,26,7
1125,1000150,2019-12-14,62,7
1126,1000183,2019-12-14,10,3
1127,1000181,2019-12-14,614,3
1128,1000181,2019-12-14,11,3
1129,1000139,2019-12-14,7,11
1130,1000179,2019-12-14,8,3
1131,1000137,2019-12-14,9,11
1132,1000177,2019-12-14,27,3
1133,1000176,2019-12-14,614,3
1134,1000172,2019-12-14,28,3
1135,1000169,2019-12-14,455,5
1136,1000211,2019-12-14,17,17
1137,1000223,2019-12-14,628,15
1138,1000156,2019-12-15,18,8
1139,1000179,2019-12-15,534,4
1140,1000177,2019-12-15,23,4
1141,1000177,2019-12-15,24,4
1142,1000172,2019-12-15,152,4
1143,1000218,2019-12-15,1,18
1144,1000161,2019-12-16,2,8
1145,1000154,2019-12-16,15,9
1146,1000151,2019-12-16,136,9
1147,1000191,2019-12-16,494,1
1148,1000189,2019-12-16,455,1
1149,1000186,2019-12-16,200,1
1150,1000184,2019-12-16,370,2
1151,1000143,2019-12-16,16,13
1152,1000169,2019-12-16,25,7
1153,1000167,2019-12-17,26,8
1154,1000163,2019-12-17,523,8
1155,1000163,2019-12-17,561,8
1156,1000155,2019-12-17,151,10
1157,1000153,2019-12-17,10,10
1158,1000149,2019-12-17,158,10
1159,1000148,2019-12-17,11,10
1160,1000147,2019-12-17,7,10
1161,1000146,2019-12-17,8,10
1162,1000184,2019-12-17,9,3
1163,1000140,2019-12-17,170,14
1164,1000140,2019-12-17,27,14
1165,1000192,2019-12-18,494,3
1166,1000151,2019-12-18,28,11
1167,1000186,2019-12-18,136,3
1168,1000185,2019-12-18,17,3
1169,1000159,2019-12-19,18,11
1170,1000192,2019-12-20,15,5
1171,1000150,2019-12-20,643,13
1172,1000188,2019-12-20,455,5
1173,1000188,2019-12-20,16,5
1174,1000187,2019-12-20,25,5
1175,1000185,2019-12-20,136,5
1176,1000183,2019-12-20,26,9
1177,1000174,2019-12-20,614,9
1178,1000171,2019-12-20,370,9
1179,1000171,2019-12-20,10,9
1180,1000184,2019-12-21,455,7
1181,1000181,2019-12-21,306,10
1182,1000179,2019-12-21,11,10
1183,1000138,2019-12-21,7,18
1184,1000152,2019-12-22,8,15
1185,1000202,2019-12-23,9,30
1186,1000149,2019-12-23,27,16
1187,1000189,2019-12-23,28,8
1188,1000188,2019-12-23,527,8
1189,1000187,2019-12-23,527,8
1190,1000176,2019-12-23,17,12
1191,1000191,2019-12-24,505,9
1192,1000118,2019-12-24,18,1
1193,1000190,2019-12-25,306,10
1194,1000190,2019-12-25,306,10
1195,1000163,2019-12-26,23,17
1196,1000189,2019-12-27,24,12
1197,1000124,2019-12-27,152,1
1198,1000120,2019-12-27,505,1
1199,1000191,2019-12-28,1,13
1200,1000124,2019-12-28,2,2
1201,1000121,2019-12-28,357,2
1202,1000187,2019-12-29,306,14
1203,1000185,2019-12-29,136,14
1204,1000174,2019-12-29,3,18
1205,1000127,2019-12-29,370,3
1206,1000121,2019-12-29,455,3
1207,1000186,2019-12-30,21,15
1208,1000120,2019-12-30,561,4
1209,1000190,2019-12-31,22,16
1210,1000135,2019-12-31,561,1
1211,1000132,2019-12-31,12,1
1212,1000130,2019-12-31,62,1
1213,1000129,2019-12-31,370,1
1214,1000127,2019-12-31,151,5
1215,1000120,2019-12-31,13,5
1216,1000118,2019-12-31,505,8
1217,1000134,2020-01-01,518,2
1218,1000125,2020-01-01,14,6
1219,1000123,2020-01-01,4,6
1220,1000135,2020-01-02,5,3
1221,1000134,2020-01-02,561,3
1222,1000131,2020-01-02,6,3
1223,1000130,2020-01-02,29,3
1224,1000129,2020-01-02,62,3
1225,1000127,2020-01-02,30,7
1226,1000126,2020-01-02,370,7
1227,1000126,2020-01-02,19,7
1228,1000119,2020-01-02,306,8
1229,1000129,2020-01-03,15,4
1230,1000124,2020-01-03,357,8
1231,1000123,2020-01-03,158,8
1232,1000122,2020-01-03,89,8
1233,1000121,2020-01-03,16,8
1234,1000119,2020-01-03,455,9
1235,1000136,2020-01-04,561,5
1236,1000132,2020-01-04,523,5
1237,1000126,2020-01-04,151,9
1238,1000123,2020-01-04,533,9
1239,1000133,2020-01-05,360,6
1240,1000125,2020-01-05,158,10
1241,1000122,2020-01-05,561,10
1242,1000136,2020-01-06,25,7
1243,1000136,2020-01-06,26,7
1244,1000118,2020-01-06,599,14
1245,1000133,2020-01-07,170,8
1246,1000125,2020-01-08,370,13
1247,1000122,2020-01-08,10,13
1248,1000192,2020-01-09,11,25
1249,1000134,2020-01-09,7,10
1250,1000132,2020-01-09,170,10
1251,1000131,2020-01-09,8,10
1252,1000453,2020-01-11,629,1
1253,1000119,2020-01-11,9,17
1254,1000135,2020-01-12,27,13
1255,1000128,2020-01-12,518,13
1256,1000128,2020-01-12,170,13
1257,1000539,2020-01-13,558,3
1258,1000133,2020-01-13,170,14
1259,1000131,2020-01-13,561,14
1260,1000453,2020-01-13,28,3
1261,1000539,2020-01-15,17,5
1262,1000452,2020-01-16,623,1
1263,1000130,2020-01-17,18,18
1264,1000128,2020-01-17,18,18
1265,1000451,2020-01-22,23,2
1266,1000538,2020-01-23,361,8
1267,1000512,2020-01-24,614,2
1268,1000537,2020-01-25,523,5
1269,1000598,2020-01-25,24,3
1270,1000536,2020-01-26,170,1
1271,1000453,2020-01-26,352,16
1272,1000510,2020-01-27,518,3
1273,1000536,2020-01-28,89,3
1274,1000508,2020-01-28,565,2
1275,1000594,2020-01-29,144,3
1276,1000508,2020-01-29,457,3
1277,1000592,2020-01-30,158,2
1278,1000506,2020-01-30,370,2
1279,1000451,2020-01-30,565,10
1280,1000512,2020-01-31,561,9
1281,1000452,2020-01-31,1,16
1282,1000449,2020-01-31,558,1
1283,1000598,2020-02-01,370,10
1284,1000451,2020-02-01,2,12
1285,1000596,2020-02-02,523,9
1286,1000590,2020-02-02,145,3
1287,1000510,2020-02-02,158,9
1288,1000502,2020-02-02,614,1
1289,1000535,2020-02-03,623,4
1290,1000588,2020-02-03,561,2
1291,1000538,2020-02-04,3,20
1292,1000594,2020-02-04,361,9
1293,1000590,2020-02-04,144,5
1294,1000586,2020-02-04,306,1
1295,1000586,2020-02-04,623,1
1296,1000504,2020-02-04,158,5
1297,1000504,2020-02-04,21,5
1298,1000592,2020-02-05,370,8
1299,1000502,2020-02-05,22,4
1300,1000449,2020-02-05,12,6
1301,1000448,2020-02-05,614,1
1302,1000448,2020-02-05,13,1
1303,1000498,2020-02-06,14,1
1304,1000534,2020-02-06,145,2
1305,1000596,2020-02-06,370,13
1306,1000588,2020-02-06,603,5
1307,1000506,2020-02-06,4,9
1308,1000500,2020-02-07,144,4
1309,1000583,2020-02-07,558,1
1310,1000500,2020-02-08,5,5
1311,1000498,2020-02-08,361,3
1312,1000534,2020-02-08,558,4
1313,1000584,2020-02-08,580,3
1314,1000584,2020-02-08,518,3
1315,1000504,2020-02-08,6,9
1316,1000449,2020-02-08,455,9
1317,1000537,2020-02-09,614,20
1318,1000495,2020-02-09,158,1
1319,1000581,2020-02-09,558,1
1320,1000448,2020-02-09,637,5
1321,1000498,2020-02-10,623,5
1322,1000496,2020-02-10,352,3
1323,1000496,2020-02-10,422,3
1324,1000582,2020-02-10,352,3
1325,1000582,2020-02-10,145,3
1326,1000581,2020-02-10,534,2
1327,1000580,2020-02-10,144,1
1328,1000454,2020-02-10,643,1
1329,1000450,2020-02-10,534,16
1330,1000497,2020-02-11,561,5
1331,1000493,2020-02-11,614,1
1332,1000454,2020-02-11,637,2
1333,1000450,2020-02-11,357,17
1334,1000540,2020-02-12,637,3
1335,1000497,2020-02-12,29,6
1336,1000494,2020-02-12,30,3
1337,1000533,2020-02-12,561,3
1338,1000533,2020-02-12,533,3
1339,1000447,2020-02-12,370,3
1340,1000500,2020-02-13,565,10
1341,1000583,2020-02-13,370,7
1342,1000447,2020-02-13,19,4
1343,1000492,2020-02-14,644,3
1344,1000491,2020-02-14,505,2
1345,1000452,2020-02-14,357,30
1346,1000497,2020-02-15,20,9
1347,1000493,2020-02-15,534,5
1348,1000532,2020-02-15,629,1
1349,1000595,2020-02-15,644,1
1350,1000579,2020-02-15,361,5
1351,1000446,2020-02-15,15,1
1352,1000879,2020-02-16,644,1
1353,1000835,2020-02-16,558,1
1354,1000717,2020-02-16,494,1
1355,1000496,2020-02-16,457,9
1356,1000494,2020-02-16,75,7
1357,1000494,2020-02-16,16,7
1358,1000643,2020-02-16,518,1
1359,1000495,2020-02-17,200,9
1360,1000491,2020-02-17,170,5
1361,1000597,2020-02-17,62,5
1362,1000506,2020-02-17,614,20
1363,1001072,2020-02-18,25,3
1364,1000760,2020-02-18,457,3
1365,1000540,2020-02-18,561,9
1366,1000447,2020-02-18,144,9
1367,1000495,2020-02-19,26,11
1368,1000535,2020-02-19,518,20
1369,1000492,2020-02-19,144,8
1370,1000492,2020-02-19,10,8
1371,1000509,2020-02-19,527,5
1372,1001117,2020-02-20,527,1
1373,1001073,2020-02-20,370,1
1374,1000998,2020-02-20,370,5
1375,1000998,2020-02-20,357,5
1376,1000999,2020-02-20,637,1
1377,1000835,2020-02-20,455,5
1378,1000836,2020-02-20,623,1
1379,1000717,2020-02-20,136,5
1380,1000718,2020-02-20,623,1
1381,1000760,2020-02-20,455,5
1382,1000644,2020-02-20,370,1
1383,1000600,2020-02-20,370,1
1384,1000599,2020-02-20,580,5
1385,1000593,2020-02-20,505,4
1386,1000591,2020-02-20,370,2
1387,1000511,2020-02-20,614,8
1388,1000579,2020-02-20,11,10
1389,1000578,2020-02-20,353,9
1390,1000880,2020-02-21,370,2
1391,1000578,2020-02-21,629,10
1392,1000502,2020-02-21,527,20
1393,1000445,2020-02-21,7,2
1394,1001116,2020-02-22,8,7
1395,1001072,2020-02-22,580,7
1396,1000952,2020-02-22,9,7
1397,1000643,2020-02-22,112,7
1398,1000491,2020-02-22,27,10
1399,1000530,2020-02-22,565,3
1400,1000597,2020-02-22,349,10
1401,1000589,2020-02-22,158,2
1402,1000511,2020-02-22,370,10
1403,1000580,2020-02-22,457,13
1404,1000577,2020-02-22,357,10
1405,1001116,2020-02-23,487,8
1406,1000953,2020-02-23,614,4
1407,1000591,2020-02-23,370,5
1408,1000503,2020-02-23,144,3
1409,1000446,2020-02-23,89,9
1410,1000446,2020-02-23,370,9
1411,1001118,2020-02-24,527,1
1412,1001074,2020-02-24,370,1
1413,1000881,2020-02-24,644,1
1414,1000880,2020-02-24,144,5
1415,1000881,2020-02-24,623,1
1416,1000837,2020-02-24,28,1
1417,1000718,2020-02-24,17,5
1418,1000761,2020-02-24,18,5
1419,1000645,2020-02-24,145,1
1420,1000532,2020-02-24,23,10
1421,1000593,2020-02-24,629,8
1422,1000509,2020-02-24,558,10
1423,1000507,2020-02-24,614,8
1424,1000505,2020-02-24,24,6
1425,1000450,2020-02-24,361,30
1426,1000952,2020-02-25,152,10
1427,1000879,2020-02-25,112,10
1428,1000499,2020-02-25,518,1
1429,1000645,2020-02-25,629,2
1430,1000529,2020-02-25,637,1
1431,1000585,2020-02-25,629,1
1432,1000585,2020-02-25,629,1
1433,1000577,2020-02-25,306,13
1434,1000507,2020-02-25,527,9
1435,1000503,2020-02-25,1,5
1436,1000444,2020-02-25,370,1
1437,1001073,2020-02-26,2,7
1438,1001074,2020-02-26,15,3
1439,1000954,2020-02-26,145,3
1440,1000719,2020-02-26,455,3
1441,1001000,2020-02-27,75,4
1442,1000493,2020-02-27,509,17
1443,1000600,2020-02-27,644,8
1444,1000595,2020-02-27,370,13
1445,1000454,2020-02-27,16,18
1446,1000445,2020-02-27,370,8
1447,1000999,2020-02-28,370,9
1448,1000955,2020-02-28,170,1
1449,1000882,2020-02-28,580,1
1450,1000837,2020-02-28,170,5
1451,1000602,2020-02-28,565,1
1452,1000602,2020-02-28,518,1
1453,1000599,2020-02-28,558,13
1454,1001118,2020-02-29,25,6
1455,1000953,2020-02-29,505,10
1456,1000836,2020-02-29,370,10
1457,1000501,2020-02-29,629,7
1458,1000761,2020-02-29,136,10
1459,1000644,2020-02-29,565,10
1460,1000503,2020-02-29,370,9
1461,1000444,2020-02-29,349,5
1462,1000445,2020-02-29,494,10
1463,1001001,2020-03-01,26,3
1464,1000501,2020-03-01,558,8
1465,1000763,2020-03-01,370,3
1466,1000763,2020-03-01,370,3
1467,1000490,2020-03-01,457,3
1468,1000489,2020-03-01,614,2
1469,1000576,2020-03-01,75,3
1470,1000576,2020-03-01,112,3
1471,1000954,2020-03-02,614,8
1472,1000762,2020-03-02,352,8
1473,1000587,2020-03-02,370,9
1474,1000505,2020-03-02,158,13
1475,1000762,2020-03-03,455,9
1476,1000646,2020-03-03,306,5
1477,1000646,2020-03-03,152,5
1478,1000490,2020-03-03,565,5
1479,1000587,2020-03-03,370,10
1480,1000575,2020-03-03,614,4
1481,1000574,2020-03-03,614,2
1482,1000444,2020-03-03,10,8
1483,1001120,2020-03-04,643,1
1484,1001117,2020-03-04,11,14
1485,1001120,2020-03-04,200,1
1486,1001002,2020-03-04,561,1
1487,1000956,2020-03-04,623,1
1488,1000956,2020-03-04,623,1
1489,1000883,2020-03-04,152,1
1490,1000721,2020-03-04,370,1
1491,1000721,2020-03-04,352,1
1492,1000647,2020-03-04,170,1
1493,1000647,2020-03-04,457,1
1494,1000603,2020-03-04,370,1
1495,1000603,2020-03-04,353,1
1496,1000601,2020-03-04,422,10
1497,1000601,2020-03-04,614,10
1498,1000488,2020-03-04,370,3
1499,1000589,2020-03-04,565,13
1500,1000575,2020-03-04,518,5
1501,1000574,2020-03-04,494,3
1502,1001076,2020-03-05,7,2
1503,1000882,2020-03-05,455,7
1504,1000839,2020-03-05,639,2
1505,1000839,2020-03-05,561,2
1506,1000499,2020-03-05,144,10
1507,1000529,2020-03-05,565,10
1508,1000572,2020-03-05,518,2
1509,1000571,2020-03-05,370,1
1510,1001075,2020-03-06,523,8
1511,1001002,2020-03-06,603,3
1512,1000883,2020-03-06,8,3
1513,1000838,2020-03-06,637,8
1514,1000720,2020-03-06,158,8
1515,1000720,2020-03-06,145,8
1516,1000764,2020-03-06,637,3
1517,1000528,2020-03-06,623,5
1518,1000571,2020-03-06,145,2
1519,1000443,2020-03-06,565,5
1520,1000955,2020-03-07,352,9
1521,1000719,2020-03-07,623,13
1522,1000764,2020-03-07,637,4
1523,1000527,2020-03-07,370,1
1524,1000485,2020-03-07,565,3
1525,1000442,2020-03-07,603,1
1526,1001075,2020-03-08,603,10
1527,1001076,2020-03-08,603,5
1528,1000958,2020-03-08,527,1
1529,1000838,2020-03-08,643,10
1530,1000722,2020-03-08,523,1
1531,1000765,2020-03-08,9,1
1532,1000485,2020-03-08,457,4
1533,1000572,2020-03-08,523,5
1534,1001077,2020-03-09,580,2
1535,1000840,2020-03-09,352,2
1536,1000501,2020-03-09,465,16
1537,1000765,2020-03-09,457,2
1538,1000490,2020-03-09,27,11
1539,1000505,2020-03-09,28,20
1540,1001119,2020-03-10,17,12
1541,1001000,2020-03-10,603,16
1542,1000648,2020-03-10,370,3
1543,1000530,2020-03-10,614,20
1544,1000486,2020-03-10,18,7
1545,1000573,2020-03-10,623,8
1546,1000443,2020-03-10,15,9
1547,1000528,2020-03-11,370,10
1548,1000486,2020-03-11,565,8
1549,1001119,2020-03-12,16,14
1550,1001122,2020-03-12,25,1
1551,1001004,2020-03-12,614,5
1552,1001005,2020-03-12,26,1
1553,1000960,2020-03-12,170,1
1554,1000885,2020-03-12,370,1
1555,1000840,2020-03-12,10,5
1556,1000499,2020-03-12,11,17
1557,1000723,2020-03-12,370,1
1558,1000604,2020-03-12,7,5
1559,1000489,2020-03-12,614,13
1560,1000489,2020-03-12,8,13
1561,1000487,2020-03-12,9,10
1562,1000885,2020-03-13,558,2
1563,1000841,2020-03-13,352,2
1564,1000486,2020-03-13,352,10
1565,1000485,2020-03-13,370,9
1566,1001121,2020-03-14,27,7
1567,1001001,2020-03-14,200,16
1568,1001005,2020-03-14,112,3
1569,1000960,2020-03-14,158,3
1570,1000884,2020-03-14,637,7
1571,1000604,2020-03-14,629,7
1572,1000488,2020-03-14,614,13
1573,1000526,2020-03-14,558,3
1574,1000441,2020-03-14,28,3
1575,1000441,2020-03-14,353,3
1576,1000443,2020-03-14,17,13
1577,1000841,2020-03-15,487,4
1578,1000722,2020-03-15,112,8
1579,1000723,2020-03-15,457,4
1580,1000649,2020-03-15,518,4
1581,1000488,2020-03-15,18,14
1582,1000487,2020-03-15,158,13
1583,1000573,2020-03-15,580,13
1584,1001123,2020-03-16,505,1
1585,1001079,2020-03-16,639,1
1586,1001078,2020-03-16,23,5
1587,1001006,2020-03-16,614,1
1588,1001004,2020-03-16,370,9
1589,1000884,2020-03-16,558,9
1590,1000541,2020-03-16,24,5
1591,1000649,2020-03-16,558,5
1592,1000724,2020-03-16,527,1
1593,1000607,2020-03-16,614,1
1594,1000648,2020-03-16,580,9
1595,1000606,2020-03-16,370,5
1596,1000527,2020-03-16,614,10
1597,1000442,2020-03-16,561,10
1598,1001006,2020-03-17,455,2
1599,1000958,2020-03-17,62,10
1600,1000607,2020-03-17,352,2
1601,1000440,2020-03-17,565,1
1602,1000440,2020-03-17,629,1
1603,1000440,2020-03-17,534,1
1604,1001122,2020-03-18,505,7
1605,1000724,2020-03-18,75,3
1606,1000455,2020-03-18,523,7
1607,1001121,2020-03-19,1,12
1608,1000842,2020-03-19,370,4
1609,1000766,2020-03-19,644,8
1610,1000606,2020-03-19,158,8
1611,1000525,2020-03-19,370,3
1612,1000442,2020-03-19,2,13
1613,1001078,2020-03-20,580,9
1614,1001007,2020-03-20,112,1
1615,1000961,2020-03-20,518,5
1616,1000962,2020-03-20,455,1
1617,1000886,2020-03-20,158,5
1618,1000886,2020-03-20,370,5
1619,1000843,2020-03-20,170,1
1620,1000608,2020-03-20,457,1
1621,1000526,2020-03-20,158,9
1622,1000455,2020-03-20,145,9
1623,1001080,2020-03-21,639,2
1624,1000651,2020-03-21,3,2
1625,1000766,2020-03-21,370,10
1626,1000525,2020-03-21,361,5
1627,1000843,2020-03-22,21,3
1628,1000842,2020-03-22,523,7
1629,1000487,2020-03-22,494,20
1630,1000484,2020-03-22,629,3
1631,1000483,2020-03-22,565,2
1632,1000524,2020-03-22,22,1
1633,1000482,2020-03-22,580,1
1634,1000568,2020-03-22,144,1
1635,1000439,2020-03-22,12,1
1636,1000650,2020-03-23,13,8
1637,1000768,2020-03-23,643,4
1638,1000569,2020-03-23,505,3
1639,1000567,2020-03-23,561,1
1640,1000455,2020-03-23,14,12
1641,1001124,2020-03-24,158,5
1642,1001125,2020-03-24,158,1
1643,1000887,2020-03-24,629,5
1644,1000541,2020-03-24,523,13
1645,1000609,2020-03-24,637,1
1646,1000767,2020-03-24,558,9
1647,1000767,2020-03-24,561,9
1648,1000482,2020-03-24,643,3
1649,1000570,2020-03-24,4,5
1650,1000439,2020-03-24,614,3
1651,1001077,2020-03-25,5,18
1652,1001081,2020-03-25,6,2
1653,1001008,2020-03-25,561,2
1654,1000961,2020-03-25,62,10
1655,1000650,2020-03-25,29,10
1656,1000726,2020-03-25,370,2
1657,1000483,2020-03-25,158,5
1658,1000483,2020-03-25,30,5
1659,1000481,2020-03-25,144,3
1660,1000479,2020-03-25,144,1
1661,1000479,2020-03-25,19,1
1662,1000565,2020-03-25,523,1
1663,1000439,2020-03-25,306,4
1664,1000441,2020-03-25,20,14
1665,1001123,2020-03-26,628,11
1666,1000962,2020-03-26,62,7
1667,1000963,2020-03-26,561,3
1668,1000652,2020-03-26,15,3
1669,1000652,2020-03-26,505,3
1670,1000726,2020-03-26,455,3
1671,1000566,2020-03-26,623,3
1672,1000523,2020-03-27,152,1
1673,1000565,2020-03-27,561,3
1674,1000438,2020-03-27,457,1
1675,1000438,2020-03-27,518,1
1676,1001126,2020-03-28,353,1
1677,1001081,2020-03-28,16,5
1678,1000964,2020-03-28,561,1
1679,1000963,2020-03-28,25,5
1680,1000890,2020-03-28,89,1
1681,1000887,2020-03-28,637,9
1682,1000610,2020-03-28,457,1
1683,1000651,2020-03-28,349,9
1684,1000725,2020-03-28,89,9
1685,1000570,2020-03-28,349,9
1686,1001079,2020-03-29,26,14
1687,1001007,2020-03-29,637,10
1688,1000890,2020-03-29,10,2
1689,1000608,2020-03-29,306,10
1690,1000725,2020-03-29,370,10
1691,1000768,2020-03-29,145,10
1692,1000770,2020-03-29,603,2
1693,1000524,2020-03-29,518,8
1694,1001008,2020-03-30,306,7
1695,1000845,2020-03-30,370,3
1696,1000481,2020-03-30,527,8
1697,1000480,2020-03-30,370,7
1698,1000569,2020-03-30,623,10
1699,1000568,2020-03-30,523,9
1700,1001125,2020-03-31,11,8
1701,1001080,2020-03-31,7,12
1702,1001082,2020-03-31,457,4
1703,1000844,2020-03-31,75,8
1704,1000769,2020-03-31,527,8
1705,1000965,2020-04-01,170,1
1706,1000610,2020-04-01,370,5
1707,1000727,2020-04-01,8,5
1708,1000480,2020-04-01,565,9
1709,1000437,2020-04-01,455,1
1710,1001124,2020-04-02,15,14
1711,1001083,2020-04-02,629,2
1712,1000889,2020-04-02,614,10
1713,1000889,2020-04-02,112,10
1714,1000844,2020-04-02,158,10
1715,1000769,2020-04-02,455,10
1716,1000771,2020-04-02,370,2
1717,1001010,2020-04-03,370,3
1718,1000891,2020-04-03,370,3
1719,1000891,2020-04-03,505,3
1720,1000846,2020-04-03,614,3
1721,1000482,2020-04-03,16,13
1722,1000653,2020-04-04,158,8
1723,1000484,2020-04-04,25,16
1724,1000523,2020-04-04,561,9
1725,1000481,2020-04-04,26,13
1726,1000567,2020-04-04,158,13
1727,1001127,2020-04-05,565,5
1728,1001128,2020-04-05,170,1
1729,1001084,2020-04-05,10,1
1730,1001011,2020-04-05,158,1
1731,1001009,2020-04-05,361,9
1732,1000966,2020-04-05,629,1
1733,1000845,2020-04-05,353,9
1734,1000847,2020-04-05,455,1
1735,1000654,2020-04-05,580,5
1736,1000612,2020-04-05,518,1
1737,1000611,2020-04-05,62,5
1738,1000609,2020-04-05,558,13
1739,1000771,2020-04-05,370,5
1740,1000728,2020-04-05,629,5
1741,1000566,2020-04-05,623,13
1742,1001082,2020-04-06,11,10
1743,1001084,2020-04-06,370,2
1744,1000964,2020-04-06,158,10
1745,1000770,2020-04-06,357,10
1746,1000727,2020-04-06,7,10
1747,1000521,2020-04-06,370,1
1748,1001011,2020-04-07,136,3
1749,1000965,2020-04-07,629,7
1750,1000612,2020-04-07,62,3
1751,1000729,2020-04-07,349,3
1752,1000522,2020-04-07,561,7
1753,1000437,2020-04-07,370,7
1754,1001010,2020-04-08,523,8
1755,1000728,2020-04-08,370,8
1756,1000484,2020-04-08,614,20
1757,1000522,2020-04-08,144,8
1758,1000480,2020-04-08,8,16
1759,1001126,2020-04-09,9,13
1760,1001012,2020-04-09,158,1
1761,1000967,2020-04-09,561,1
1762,1000892,2020-04-09,353,5
1763,1000846,2020-04-09,505,9
1764,1000655,2020-04-09,144,5
1765,1000653,2020-04-09,561,13
1766,1000611,2020-04-09,534,9
1767,1000772,2020-04-09,623,5
1768,1000729,2020-04-09,361,5
1769,1000521,2020-04-09,352,4
1770,1000479,2020-04-09,27,16
1771,1000478,2020-04-09,349,1
1772,1000478,2020-04-09,28,1
1773,1000564,2020-04-09,361,1
1774,1001127,2020-04-10,17,10
1775,1000893,2020-04-10,361,2
1776,1000773,2020-04-10,152,2
1777,1000477,2020-04-10,629,1
1778,1001012,2020-04-11,370,3
1779,1000893,2020-04-11,112,3
1780,1000848,2020-04-11,558,3
1781,1000656,2020-04-11,518,3
1782,1000476,2020-04-11,170,1
1783,1000476,2020-04-11,457,1
1784,1000435,2020-04-11,112,1
1785,1000456,2020-04-11,558,1
1786,1001009,2020-04-12,306,16
1787,1000892,2020-04-12,370,8
1788,1000655,2020-04-12,353,8
1789,1000475,2020-04-12,558,1
1790,1000436,2020-04-12,565,7
1791,1000438,2020-04-12,465,17
1792,1000561,2020-04-12,637,1
1793,1001013,2020-04-13,370,1
1794,1000968,2020-04-13,644,1
1795,1000966,2020-04-13,370,9
1796,1000654,2020-04-13,527,13
1797,1000657,2020-04-13,614,1
1798,1000520,2020-04-13,614,3
1799,1000520,2020-04-13,158,3
1800,1000475,2020-04-13,18,2
1801,1000435,2020-04-13,370,3
1802,1000560,2020-04-13,629,1
1803,1000847,2020-04-14,13,10
1804,1000772,2020-04-14,158,10
1805,1000477,2020-04-14,457,5
1806,1000473,2020-04-14,14,1
1807,1000563,2020-04-14,370,5
1808,1000559,2020-04-14,561,1
1809,1001130,2020-04-15,629,3
1810,1001130,2020-04-15,4,3
1811,1001086,2020-04-15,629,3
1812,1000967,2020-04-15,112,7
1813,1000894,2020-04-15,370,3
1814,1000775,2020-04-15,561,3
1815,1000474,2020-04-15,370,3
1816,1000614,2020-04-15,353,3
1817,1000436,2020-04-15,352,10
1818,1000456,2020-04-15,455,5
1819,1000561,2020-04-15,5,4
1820,1000560,2020-04-15,558,3
1821,1001085,2020-04-16,370,8
1822,1001013,2020-04-16,614,4
1823,1000894,2020-04-16,629,4
1824,1000849,2020-04-16,370,4
1825,1000519,2020-04-16,565,1
1826,1000473,2020-04-16,629,3
1827,1000613,2020-04-16,158,8
1828,1000434,2020-04-16,6,1
1829,1001129,2020-04-17,629,9
1830,1001087,2020-04-17,370,1
1831,1001014,2020-04-17,136,1
1832,1000968,2020-04-17,561,5
1833,1000657,2020-04-17,639,5
1834,1000730,2020-04-17,527,9
1835,1000775,2020-04-17,357,5
1836,1000613,2020-04-17,158,9
1837,1000434,2020-04-17,152,2
1838,1000456,2020-04-17,29,7
1839,1000437,2020-04-17,30,17
1840,1000564,2020-04-17,144,9
1841,1000562,2020-04-17,558,7
1842,1001083,2020-04-18,19,18
1843,1000848,2020-04-18,89,10
1844,1000656,2020-04-18,20,10
1845,1000730,2020-04-18,349,10
1846,1000773,2020-04-18,170,10
1847,1000519,2020-04-18,75,3
1848,1000562,2020-04-18,629,8
1849,1001087,2020-04-19,15,3
1850,1000969,2020-04-19,580,3
1851,1000895,2020-04-19,112,3
1852,1000658,2020-04-19,370,3
1853,1000658,2020-04-19,580,3
1854,1000542,2020-04-19,16,9
1855,1000776,2020-04-19,623,3
1856,1000732,2020-04-19,370,3
1857,1000732,2020-04-19,457,3
1858,1000477,2020-04-19,25,10
1859,1000615,2020-04-19,561,3
1860,1000563,2020-04-19,644,10
1861,1001129,2020-04-20,57,12
1862,1000542,2020-04-20,637,10
1863,1000615,2020-04-20,580,4
1864,1000614,2020-04-20,629,8
1865,1001128,2020-04-21,26,17
1866,1001015,2020-04-21,558,1
1867,1000971,2020-04-21,637,1
1868,1000850,2020-04-21,629,5
1869,1000659,2020-04-21,349,1
1870,1000777,2020-04-21,170,1
1871,1000777,2020-04-21,10,1
1872,1000733,2020-04-21,527,1
1873,1000478,2020-04-21,623,13
1874,1000518,2020-04-21,62,1
1875,1000433,2020-04-21,361,1
1876,1001086,2020-04-22,11,10
1877,1000896,2020-04-22,7,2
1878,1000849,2020-04-22,370,10
1879,1000731,2020-04-22,623,10
1880,1000436,2020-04-22,8,17
1881,1000559,2020-04-22,518,9
1882,1001085,2020-04-23,9,15
1883,1000896,2020-04-23,494,3
1884,1000851,2020-04-23,561,3
1885,1000659,2020-04-23,523,3
1886,1000433,2020-04-23,27,3
1887,1000434,2020-04-23,455,8
1888,1001014,2020-04-24,457,8
1889,1000895,2020-04-24,561,8
1890,1000850,2020-04-24,422,8
1891,1000776,2020-04-24,561,8
1892,1000733,2020-04-24,565,4
1893,1000475,2020-04-24,28,13
1894,1000433,2020-04-24,558,4
1895,1000435,2020-04-24,17,14
1896,1001132,2020-04-25,18,5
1897,1001088,2020-04-25,158,5
1898,1000972,2020-04-25,352,1
1899,1000972,2020-04-25,144,1
1900,1000969,2020-04-25,349,9
1901,1000851,2020-04-25,361,5
1902,1000661,2020-04-25,170,1
1903,1001131,2020-04-26,565,10
1904,1001133,2020-04-26,152,2
1905,1001089,2020-04-27,158,3
1906,1000517,2020-04-27,487,2
1907,1000473,2020-04-27,23,14
1908,1000432,2020-04-27,15,2
1909,1001088,2020-04-28,16,8
1910,1000897,2020-04-28,145,4
1911,1000476,2020-04-28,25,18
1912,1000432,2020-04-28,455,3
1913,1001132,2020-04-29,26,9
1914,1000973,2020-04-29,352,1
1915,1000971,2020-04-29,75,9
1916,1000898,2020-04-29,349,1
1917,1000618,2020-04-29,144,1
1918,1000617,2020-04-29,10,5
1919,1001133,2020-04-30,11,6
1920,1001015,2020-04-30,505,10
1921,1000973,2020-04-30,644,2
1922,1000517,2020-04-30,637,5
1923,1000474,2020-04-30,7,18
1924,1000472,2020-04-30,8,2
1925,1000471,2020-04-30,144,1
1926,1000616,2020-04-30,9,10
1927,1001016,2020-05-01,558,7
1928,1000853,2020-05-01,523,3
1929,1000778,2020-05-01,112,7
1930,1000779,2020-05-01,370,3
1931,1000470,2020-05-01,370,1
1932,1000558,2020-05-01,152,3
1933,1001131,2020-05-02,27,16
1934,1001091,2020-05-02,200,4
1935,1001091,2020-05-02,28,4
1936,1000898,2020-05-02,561,4
1937,1000734,2020-05-02,144,8
1938,1000470,2020-05-02,17,2
1939,1000557,2020-05-02,370,3
1940,1001134,2020-05-03,370,5
1941,1001017,2020-05-03,136,5
1942,1000897,2020-05-03,644,9
1943,1000854,2020-05-03,603,1
1944,1000852,2020-05-03,18,9
1945,1000662,2020-05-03,370,5
1946,1000431,2020-05-03,637,3
1947,1000431,2020-05-03,357,3
1948,1000661,2020-05-03,158,9
1949,1000663,2020-05-03,170,1
1950,1000780,2020-05-03,614,1
1951,1000780,2020-05-03,518,1
1952,1000518,2020-05-03,370,13
1953,1000516,2020-05-03,136,3
1954,1000472,2020-05-03,643,5
1955,1000470,2020-05-03,361,3
1956,1000468,2020-05-03,565,1
1957,1000619,2020-05-03,370,1
1958,1000555,2020-05-03,62,2
1959,1001187,2020-05-03,523,5
1960,1001135,2020-05-04,170,2
1961,1001016,2020-05-04,370,10
1962,1000852,2020-05-04,558,10
1963,1000778,2020-05-04,523,10
1964,1000734,2020-05-04,561,10
1965,1000469,2020-05-04,494,3
1966,1000468,2020-05-04,30,2
1967,1000617,2020-05-04,580,10
1968,1000616,2020-05-04,603,14
1969,1000553,2020-05-04,629,1
1970,1001200,2020-05-05,19,11
1971,1001180,2020-05-05,62,3
1972,1000735,2020-05-05,370,7
1973,1000516,2020-05-05,614,5
1974,1000619,2020-05-05,349,3
1975,1000556,2020-05-05,523,5
1976,1001187,2020-05-06,62,8
1977,1001092,2020-05-06,352,4
1978,1001092,2020-05-06,20,4
1979,1000430,2020-05-06,15,1
1980,1000779,2020-05-06,370,8
1981,1000558,2020-05-06,558,8
1982,1001200,2020-05-06,16,12
1983,1001089,2020-05-07,25,13
1984,1001020,2020-05-07,26,1
1985,1001017,2020-05-07,561,9
1986,1000974,2020-05-07,158,5
1987,1000900,2020-05-07,62,1
1988,1000855,2020-05-07,353,1
1989,1000731,2020-05-07,62,25
1990,1000735,2020-05-07,518,9
1991,1000781,2020-05-07,505,1
1992,1000515,2020-05-07,644,2
1993,1000618,2020-05-07,639,9
1994,1000554,2020-05-07,561,5
1995,1001135,2020-05-08,10,6
1996,1000853,2020-05-08,170,10
1997,1000662,2020-05-08,11,10
1998,1000472,2020-05-08,534,10
1999,1000467,2020-05-08,361,5
2000,1001180,2020-05-09,7,7
2001,1001134,2020-05-09,8,11
2002,1001093,2020-05-09,561,3
2003,1000432,2020-05-09,494,14
2004,1000555,2020-05-09,637,8
2005,1000557,2020-05-09,370,10
2006,1001180,2020-05-09,9,7
2007,1000899,2020-05-10,136,8
2008,1000430,2020-05-10,487,5
2009,1000467,2020-05-10,455,7
2010,1000556,2020-05-10,158,10
2011,1001137,2020-05-11,170,1
2012,1001136,2020-05-11,27,5
2013,1001093,2020-05-11,28,5
2014,1001018,2020-05-11,643,9
2015,1001021,2020-05-11,17,1
2016,1001020,2020-05-11,158,5
2017,1000856,2020-05-11,629,1
2018,1000664,2020-05-11,623,5
2019,1000737,2020-05-11,306,5
2020,1000621,2020-05-11,152,1
2021,1000468,2020-05-11,637,9
2022,1000457,2020-05-11,18,1
2023,1001200,2020-05-11,23,17
2024,1001018,2020-05-12,455,10
2025,1000976,2020-05-12,455,2
2026,1000974,2020-05-12,158,10
2027,1000899,2020-05-12,614,10
2028,1000854,2020-05-12,370,10
2029,1000665,2020-05-12,370,2
2030,1000514,2020-05-12,457,2
2031,1000553,2020-05-12,623,9
2032,1001180,2020-05-12,158,10
2033,1001187,2020-05-13,24,15
2034,1001094,2020-05-13,558,3
2035,1000782,2020-05-13,170,3
2036,1000738,2020-05-13,565,3
2037,1000471,2020-05-13,152,14
2038,1000621,2020-05-13,357,3
2039,1000457,2020-05-13,629,3
2040,1001187,2020-05-13,1,15
2041,1001094,2020-05-14,2,4
2042,1000431,2020-05-14,3,14
2043,1001161,2020-05-15,21,5
2044,1001137,2020-05-15,22,5
2045,1000975,2020-05-15,455,9
2046,1000900,2020-05-15,370,9
2047,1000901,2020-05-15,306,5
2048,1000857,2020-05-15,361,1
2049,1000855,2020-05-15,370,9
2050,1000740,2020-05-15,352,1
2051,1000429,2020-05-15,12,5
2052,1000781,2020-05-15,558,9
2053,1000736,2020-05-15,644,13
2054,1000515,2020-05-15,565,10
2055,1000554,2020-05-15,361,13
2056,1001161,2020-05-15,13,5
2057,1001164,2020-05-16,349,10
2058,1001138,2020-05-16,89,2
2059,1000977,2020-05-16,14,2
2060,1000975,2020-05-16,629,10
2061,1000977,2020-05-16,457,2
2062,1000664,2020-05-16,644,10
2063,1000663,2020-05-16,89,14
2064,1000783,2020-05-16,523,2
2065,1000620,2020-05-16,4,10
2066,1000620,2020-05-16,370,10
2067,1000467,2020-05-16,614,13
2068,1001164,2020-05-16,349,10
2069,1001022,2020-05-17,158,3
2070,1000856,2020-05-17,144,7
2071,1000666,2020-05-17,518,3
2072,1000429,2020-05-17,614,7
2073,1000622,2020-05-17,527,3
2074,1000469,2020-05-17,5,16
2075,1001206,2020-05-18,614,10
2076,1001164,2020-05-18,6,12
2077,1000429,2020-05-18,29,8
2078,1000428,2020-05-18,30,3
2079,1000738,2020-05-18,62,8
2080,1000457,2020-05-18,558,8
2081,1001161,2020-05-19,19,9
2082,1001142,2020-05-19,20,1
2083,1000976,2020-05-19,15,9
2084,1000857,2020-05-19,527,5
2085,1000741,2020-05-19,455,1
2086,1000666,2020-05-19,455,5
2087,1000665,2020-05-19,527,9
2088,1000784,2020-05-19,370,1
2089,1000624,2020-05-19,518,1
2090,1001139,2020-05-20,352,2
2091,1001136,2020-05-20,370,14
2092,1001021,2020-05-20,158,10
2093,1000978,2020-05-20,353,2
2094,1000901,2020-05-20,614,10
2095,1000858,2020-05-20,152,2
2096,1000782,2020-05-20,370,10
2097,1000465,2020-05-20,16,1
2098,1001206,2020-05-20,534,5
2099,1001205,2020-05-21,25,11
2100,1001142,2020-05-21,89,3
2101,1001139,2020-05-21,26,3
2102,1000903,2020-05-21,505,3
2103,1000903,2020-05-21,523,3
2104,1000858,2020-05-21,370,3
2105,1000668,2020-05-21,370,3
2106,1000668,2020-05-21,370,3
2107,1000430,2020-05-21,623,16
2108,1000464,2020-05-21,218,1
2109,1001138,2020-05-22,10,8
2110,1000549,2020-05-22,623,1
2111,1000551,2020-05-22,614,3
2112,1000551,2020-05-22,357,3
2113,1001095,2020-05-23,561,9
2114,1001024,2020-05-23,15,1
2115,1001023,2020-05-23,518,5
2116,1000979,2020-05-23,16,1
2117,1000904,2020-05-23,357,1
2118,1000902,2020-05-23,144,9
2119,1000859,2020-05-23,455,1
2120,1000741,2020-05-23,25,5
2121,1000783,2020-05-23,561,9
2122,1000785,2020-05-23,361,1
2123,1000514,2020-05-23,561,13
2124,1000625,2020-05-23,629,1
2125,1000622,2020-05-23,370,9
2126,1000466,2020-05-23,352,5
2127,1000543,2020-05-23,561,13
2128,1001205,2020-05-23,370,3
2129,1000979,2020-05-24,145,2
2130,1000902,2020-05-24,565,10
2131,1000859,2020-05-24,370,2
2132,1000740,2020-05-24,565,10
2133,1000625,2020-05-24,370,2
2134,1000464,2020-05-24,561,4
2135,1000463,2020-05-24,26,3
2136,1000543,2020-05-24,565,14
2137,1000549,2020-05-24,370,3
2138,1001206,2020-05-24,170,9
2139,1000904,2020-05-25,136,3
2140,1000669,2020-05-25,112,3
2141,1000547,2020-05-25,614,2
2142,1000550,2020-05-25,145,5
2143,1001204,2020-05-26,62,1
2144,1001096,2020-05-26,558,8
2145,1001097,2020-05-26,10,4
2146,1000742,2020-05-26,561,4
2147,1000466,2020-05-26,11,8
2148,1000462,2020-05-26,7,4
2149,1000461,2020-05-26,580,3
2150,1000461,2020-05-26,565,3
2151,1000552,2020-05-26,8,8
2152,1001204,2020-05-26,505,1
2153,1000905,2020-05-27,9,1
2154,1000905,2020-05-27,623,1
2155,1000670,2020-05-27,352,1
2156,1000742,2020-05-27,27,5
2157,1000785,2020-05-27,523,5
2158,1000465,2020-05-27,494,8
2159,1000463,2020-05-27,28,6
2160,1000461,2020-05-27,17,4
2161,1000548,2020-05-27,361,5
2162,1000550,2020-05-27,112,7
2163,1000552,2020-05-27,357,9
2164,1001158,2020-05-28,89,14
2165,1001095,2020-05-28,18,14
2166,1001025,2020-05-28,455,2
2167,1001023,2020-05-28,370,10
2168,1000978,2020-05-28,158,10
2169,1000784,2020-05-28,422,10
2170,1000626,2020-05-28,527,2
2171,1000513,2020-05-28,21,13
2172,1000624,2020-05-28,62,10
2173,1001141,2020-05-29,22,3
2174,1001098,2020-05-29,142,3
2175,1000743,2020-05-29,637,3
2176,1000428,2020-05-29,158,14
2177,1000787,2020-05-29,170,3
2178,1000513,2020-05-29,170,14
2179,1001205,2020-05-30,614,5
2180,1001140,2020-05-30,352,8
2181,1001141,2020-05-30,12,4
2182,1001098,2020-05-30,370,4
2183,1001103,2020-05-30,370,8
2184,1001096,2020-05-30,13,12
2185,1001103,2020-05-30,14,8
2186,1001022,2020-05-30,518,16
2187,1000626,2020-05-30,643,4
2188,1000463,2020-05-30,158,9
2189,1000462,2020-05-30,614,8
2190,1001205,2020-05-30,494,10
2191,1001099,2020-05-31,200,1
2192,1001026,2020-05-31,639,1
2193,1001025,2020-05-31,580,5
2194,1001026,2020-05-31,643,1
2195,1001024,2020-05-31,455,9
2196,1000980,2020-05-31,170,5
2197,1000980,2020-05-31,614,5
2198,1000906,2020-05-31,158,1
2199,1000428,2020-05-31,455,16
2200,1000737,2020-05-31,518,25
2201,1000790,2020-05-31,629,1
2202,1001203,2020-06-01,349,10
2203,1001158,2020-06-01,4,18
2204,1001097,2020-06-01,370,10
2205,1000736,2020-06-01,370,30
2206,1000474,2020-06-01,523,50
2207,1000465,2020-06-01,505,13
2208,1001140,2020-06-02,5,11
2209,1000981,2020-06-02,170,3
2210,1000860,2020-06-02,518,7
2211,1000861,2020-06-02,629,3
2212,1000861,2020-06-02,629,3
2213,1000744,2020-06-02,614,3
2214,1000464,2020-06-02,370,13
2215,1001204,2020-06-02,637,8
2216,1001102,2020-06-03,6,8
2217,1000671,2020-06-03,29,4
2218,1000466,2020-06-03,145,16
2219,1001143,2020-06-04,158,5
2220,1001102,2020-06-04,565,9
2221,1001100,2020-06-04,30,1
2222,1001027,2020-06-04,112,1
2223,1000907,2020-06-04,158,1
2224,1000862,2020-06-04,644,1
2225,1000745,2020-06-04,112,1
2226,1000790,2020-06-04,370,5
2227,1000627,2020-06-04,455,5
2228,1000627,2020-06-04,19,5
2229,1000791,2020-06-04,527,1
2230,1001203,2020-06-04,349,5
2231,1001100,2020-06-05,200,2
2232,1000982,2020-06-05,505,2
2233,1000860,2020-06-05,170,10
2234,1000743,2020-06-05,20,10
2235,1000787,2020-06-05,494,10
2236,1000547,2020-06-05,518,13
2237,1000548,2020-06-05,561,14
2238,1001144,2020-06-06,370,3
2239,1001039,2020-06-06,623,3
2240,1000906,2020-06-06,637,7
2241,1000791,2020-06-06,15,3
2242,1000462,2020-06-06,16,15
2243,1001203,2020-06-06,62,7
2244,1001090,2020-06-07,200,8
2245,1000744,2020-06-07,25,8
2246,1001202,2020-06-07,349,3
2247,1001099,2020-06-08,26,9
2248,1001039,2020-06-08,370,5
2249,1001030,2020-06-08,112,1
2250,1000862,2020-06-08,527,5
2251,1000629,2020-06-08,614,1
2252,1000628,2020-06-08,370,5
2253,1001028,2020-06-09,639,2
2254,1001030,2020-06-09,523,2
2255,1000981,2020-06-09,170,10
2256,1000983,2020-06-09,10,2
2257,1000545,2020-06-09,144,1
2258,1000546,2020-06-09,370,2
2259,1001145,2020-06-10,11,3
2260,1000864,2020-06-10,145,3
2261,1000746,2020-06-10,561,3
2262,1000458,2020-06-10,580,1
2263,1000546,2020-06-10,7,3
2264,1001201,2020-06-10,8,1
2265,1001145,2020-06-11,152,4
2266,1000982,2020-06-11,361,8
2267,1000672,2020-06-11,370,8
2268,1000792,2020-06-11,370,4
2269,1000460,2020-06-11,144,4
2270,1001144,2020-06-12,112,9
2271,1000909,2020-06-12,561,1
2272,1000909,2020-06-12,170,1
2273,1000864,2020-06-12,349,5
2274,1000865,2020-06-12,518,1
2275,1000745,2020-06-12,357,9
2276,1000747,2020-06-12,370,1
2277,1000460,2020-06-12,457,5
2278,1000458,2020-06-12,455,3
2279,1000458,2020-06-12,9,3
2280,1001090,2020-06-13,27,14
2281,1000984,2020-06-13,370,2
2282,1000907,2020-06-13,629,10
2283,1000865,2020-06-13,144,2
2284,1000672,2020-06-13,455,10
2285,1000628,2020-06-13,370,10
2286,1000459,2020-06-13,28,5
2287,1000545,2020-06-13,565,5
2288,1001206,2020-06-14,17,4
2289,1001204,2020-06-14,18,10
2290,1001028,2020-06-14,505,7
2291,1001019,2020-06-14,23,3
2292,1001019,2020-06-14,644,3
2293,1000984,2020-06-14,24,3
2294,1000908,2020-06-14,637,7
2295,1000747,2020-06-14,370,3
2296,1000674,2020-06-14,565,3
2297,1000630,2020-06-14,523,3
2298,1000544,2020-06-14,623,5
2299,1000983,2020-06-15,112,8
2300,1000629,2020-06-15,643,8
2301,1000793,2020-06-15,349,4
2302,1001146,2020-06-16,527,5
2303,1001143,2020-06-16,1,17
2304,1001029,2020-06-16,455,5
2305,1000910,2020-06-16,2,1
2306,1000866,2020-06-16,457,1
2307,1000673,2020-06-16,629,9
2308,1000794,2020-06-16,518,1
2309,1000792,2020-06-16,3,9
2310,1000793,2020-06-16,561,5
2311,1000459,2020-06-16,21,8
2312,1001201,2020-06-16,22,7
2313,1001202,2020-06-16,12,12
2314,1001199,2020-06-17,13,3
2315,1001201,2020-06-17,14,8
2316,1001101,2020-06-17,565,10
2317,1001101,2020-06-17,4,10
2318,1001031,2020-06-17,623,2
2319,1000908,2020-06-17,5,10
2320,1000866,2020-06-17,370,2
2321,1000673,2020-06-17,639,10
2322,1000746,2020-06-17,561,10
2323,1001147,2020-06-18,527,3
2324,1001029,2020-06-18,353,7
2325,1001031,2020-06-18,152,3
2326,1000675,2020-06-18,352,3
2327,1000471,2020-06-18,565,50
2328,1001105,2020-06-19,6,4
2329,1001027,2020-06-19,455,16
2330,1000985,2020-06-19,643,4
2331,1000631,2020-06-19,639,4
2332,1001105,2020-06-20,565,5
2333,1001032,2020-06-20,306,1
2334,1000867,2020-06-20,15,1
2335,1000749,2020-06-20,561,1
2336,1000748,2020-06-20,527,5
2337,1000676,2020-06-20,361,1
2338,1000796,2020-06-20,629,1
2339,1000630,2020-06-20,527,9
2340,1000469,2020-06-20,370,50
2341,1000460,2020-06-20,16,13
2342,1001104,2020-06-21,370,10
2343,1000669,2020-06-21,527,30
2344,1001199,2020-06-21,25,7
2345,1001202,2020-06-22,26,18
2346,1001147,2020-06-22,10,7
2347,1001032,2020-06-22,523,3
2348,1000991,2020-06-22,75,3
2349,1000986,2020-06-22,565,3
2350,1000911,2020-06-22,370,3
2351,1000675,2020-06-22,62,7
2352,1001199,2020-06-22,11,8
2353,1001003,2020-06-23,629,8
2354,1000985,2020-06-23,505,8
2355,1000632,2020-06-23,151,4
2356,1000794,2020-06-23,623,8
2357,1000631,2020-06-23,643,8
2358,1000544,2020-06-23,136,14
2359,1000459,2020-06-23,7,15
2360,1001149,2020-06-24,8,1
2361,1001104,2020-06-24,9,13
2362,1000991,2020-06-24,370,5
2363,1000986,2020-06-24,494,5
2364,1000868,2020-06-24,27,1
2365,1000751,2020-06-24,370,1
2366,1000671,2020-06-24,629,25
2367,1000674,2020-06-24,455,13
2368,1000677,2020-06-24,457,1
2369,1000632,2020-06-24,352,5
2370,1000910,2020-06-25,644,10
2371,1000912,2020-06-25,145,2
2372,1000670,2020-06-25,614,30
2373,1000748,2020-06-25,527,10
2374,1001146,2020-06-26,28,15
2375,1000633,2020-06-26,527,3
2376,1001148,2020-06-27,152,8
2377,1000988,2020-06-27,370,4
2378,1000867,2020-06-27,614,8
2379,1001107,2020-06-28,370,5
2380,1000987,2020-06-28,565,5
2381,1000912,2020-06-28,637,5
2382,1000913,2020-06-28,561,1
2383,1000911,2020-06-28,455,9
2384,1000752,2020-06-28,518,1
2385,1000676,2020-06-28,565,9
2386,1000796,2020-06-28,370,9
2387,1000913,2020-06-29,558,2
2388,1000749,2020-06-29,152,10
2389,1001034,2020-06-30,561,3
2390,1000959,2020-06-30,145,3
2391,1000868,2020-06-30,75,7
2392,1000751,2020-06-30,623,7
2393,1000797,2020-06-30,353,7
2394,1000678,2020-06-30,306,3
2395,1000634,2020-06-30,629,3
2396,1001198,2020-06-30,17,11
2397,1001198,2020-07-01,18,11
2398,1001149,2020-07-01,27,8
2399,1001150,2020-07-01,467,4
2400,1001148,2020-07-01,28,12
2401,1001106,2020-07-01,17,12
2402,1001034,2020-07-01,145,4
2403,1001033,2020-07-01,623,8
2404,1001003,2020-07-01,200,16
2405,1000987,2020-07-01,152,8
2406,1000633,2020-07-01,565,8
2407,1001033,2020-07-02,18,9
2408,1000988,2020-07-02,370,9
2409,1000959,2020-07-02,527,5
2410,1000869,2020-07-02,623,5
2411,1000752,2020-07-02,145,5
2412,1001197,2020-07-02,23,8
2413,1001196,2020-07-02,24,3
2414,1000797,2020-07-03,565,10
2415,1000677,2020-07-03,158,10
2416,1001151,2020-07-04,370,3
2417,1001108,2020-07-04,1,7
2418,1001035,2020-07-04,580,3
2419,1000990,2020-07-04,136,3
2420,1000957,2020-07-04,623,3
2421,1000870,2020-07-04,614,3
2422,1000870,2020-07-04,565,3
2423,1000799,2020-07-04,457,3
2424,1001197,2020-07-05,2,3
2425,1001150,2020-07-05,370,8
2426,1000989,2020-07-05,370,8
2427,1000869,2020-07-05,170,8
2428,1000636,2020-07-05,422,4
2429,1001195,2020-07-06,530,3
2430,1001035,2020-07-06,158,5
2431,1001036,2020-07-06,561,1
2432,1000933,2020-07-06,112,1
2433,1000799,2020-07-06,518,5
2434,1000679,2020-07-06,457,5
2435,1000637,2020-07-06,170,1
2436,1001198,2020-07-06,3,17
2437,1001108,2020-07-07,614,10
2438,1001109,2020-07-07,21,6
2439,1000989,2020-07-07,561,10
2440,1000798,2020-07-07,527,10
2441,1000798,2020-07-07,144,10
2442,1000634,2020-07-07,158,10
2443,1001197,2020-07-08,518,3
2444,1001110,2020-07-08,306,3
2445,1000933,2020-07-08,158,3
2446,1000753,2020-07-08,561,7
2447,1001197,2020-07-08,22,14
2448,1001196,2020-07-09,12,17
2449,1001151,2020-07-09,13,8
2450,1001106,2020-07-09,158,20
2451,1001107,2020-07-09,14,16
2452,1000990,2020-07-09,75,8
2453,1000871,2020-07-09,494,4
2454,1000871,2020-07-09,370,4
2455,1000636,2020-07-09,639,8
2456,1001111,2020-07-10,4,1
2457,1001036,2020-07-10,580,5
2458,1000914,2020-07-10,455,9
2459,1000915,2020-07-10,361,5
2460,1000915,2020-07-10,370,5
2461,1000800,2020-07-10,5,5
2462,1000801,2020-07-10,75,1
2463,1000801,2020-07-10,306,1
2464,1000755,2020-07-10,518,1
2465,1000678,2020-07-10,561,13
2466,1000680,2020-07-10,565,5
2467,1001196,2020-07-10,6,11
2468,1001109,2020-07-11,306,10
2469,1001037,2020-07-11,580,2
2470,1000957,2020-07-11,494,10
2471,1000917,2020-07-11,523,2
2472,1000914,2020-07-11,370,10
2473,1001153,2020-07-12,170,3
2474,1001111,2020-07-12,62,3
2475,1000993,2020-07-12,158,3
2476,1000872,2020-07-12,370,3
2477,1000681,2020-07-12,170,3
2478,1001194,2020-07-12,29,3
2479,1001152,2020-07-13,494,8
2480,1000994,2020-07-14,62,1
2481,1000916,2020-07-14,370,5
2482,1000888,2020-07-14,170,1
2483,1000679,2020-07-14,370,13
2484,1000682,2020-07-14,370,1
2485,1000638,2020-07-14,644,5
2486,1001195,2020-07-14,370,10
2487,1001038,2020-07-15,152,2
2488,1000992,2020-07-15,614,10
2489,1000918,2020-07-15,370,2
2490,1000800,2020-07-15,644,10
2491,1000756,2020-07-15,643,2
2492,1000680,2020-07-15,580,10
2493,1000637,2020-07-15,370,10
2494,1001193,2020-07-15,170,1
2495,1001153,2020-07-16,30,7
2496,1000994,2020-07-16,505,3
2497,1000918,2020-07-16,353,3
2498,1001194,2020-07-17,561,8
2499,1001037,2020-07-17,152,8
2500,1000917,2020-07-17,487,8
2501,1001113,2020-07-18,62,1
2502,1001113,2020-07-18,19,1
2503,1001040,2020-07-18,457,1
2504,1000993,2020-07-18,494,9
2505,1000875,2020-07-18,370,1
2506,1000872,2020-07-18,518,9
2507,1000754,2020-07-18,629,13
2508,1000681,2020-07-18,357,9
2509,1000640,2020-07-18,561,1
2510,1000639,2020-07-18,561,5
2511,1001195,2020-07-18,20,14
2512,1001194,2020-07-18,370,9
2513,1001155,2020-07-19,15,2
2514,1000916,2020-07-19,639,10
2515,1000757,2020-07-19,614,2
2516,1000683,2020-07-19,62,2
2517,1000638,2020-07-19,523,10
2518,1000995,2020-07-20,144,3
2519,1000802,2020-07-20,170,7
2520,1000803,2020-07-20,455,3
2521,1000640,2020-07-20,637,3
2522,1001193,2020-07-21,16,13
2523,1001155,2020-07-21,565,4
2524,1001110,2020-07-21,25,16
2525,1001038,2020-07-21,455,8
2526,1000992,2020-07-21,170,16
2527,1000995,2020-07-21,170,4
2528,1000919,2020-07-21,637,4
2529,1000888,2020-07-21,170,8
2530,1000873,2020-07-21,62,8
2531,1000802,2020-07-21,370,8
2532,1001154,2020-07-22,353,9
2533,1001152,2020-07-22,26,17
2534,1001114,2020-07-22,370,1
2535,1000996,2020-07-22,494,1
2536,1000919,2020-07-22,136,5
2537,1000874,2020-07-22,455,1
2538,1000876,2020-07-22,170,5
2539,1000877,2020-07-22,357,1
2540,1000873,2020-07-22,361,9
2541,1000803,2020-07-22,565,5
2542,1000756,2020-07-22,629,9
2543,1000804,2020-07-22,352,1
2544,1000641,2020-07-22,614,1
2545,1001196,2020-07-23,158,13
2546,1001154,2020-07-23,534,10
2547,1001114,2020-07-23,10,2
2548,1001041,2020-07-23,112,2
2549,1000684,2020-07-23,136,2
2550,1000639,2020-07-23,357,10
2551,1001041,2020-07-24,455,3
2552,1000804,2020-07-24,170,3
2553,1000683,2020-07-24,580,7
2554,1000684,2020-07-24,561,3
2555,1000641,2020-07-24,637,3
2556,1001193,2020-07-24,370,10
2557,1001193,2020-07-25,523,1
2558,1001192,2020-07-25,15,17
2559,1001191,2020-07-25,170,1
2560,1001115,2020-07-26,16,1
2561,1001040,2020-07-26,623,9
2562,1000753,2020-07-26,494,25
2563,1000758,2020-07-26,306,5
2564,1000805,2020-07-26,644,1
2565,1000642,2020-07-26,158,1
2566,1001195,2020-07-27,158,1
2567,1001112,2020-07-27,614,14
2568,1000951,2020-07-27,349,3
2569,1000875,2020-07-27,25,10
2570,1000876,2020-07-27,455,10
2571,1000834,2020-07-27,370,3
2572,1000834,2020-07-27,145,3
2573,1000757,2020-07-27,629,10
2574,1001191,2020-07-27,370,3
2575,1001115,2020-07-28,26,3
2576,1000921,2020-07-28,457,3
2577,1000878,2020-07-28,352,3
2578,1000878,2020-07-28,457,3
2579,1000759,2020-07-28,352,3
2580,1000805,2020-07-28,361,3
2581,1000642,2020-07-28,561,3
2582,1001192,2020-07-28,370,9
2583,1001192,2020-07-28,170,9
2584,1001191,2020-07-29,10,8
2585,1001042,2020-07-29,11,4
2586,1000996,2020-07-29,644,8
2587,1000920,2020-07-29,614,8
2588,1001194,2020-07-30,158,1
2589,1001112,2020-07-30,30,17
2590,1001071,2020-07-30,7,6
2591,1001043,2020-07-30,158,1
2592,1000754,2020-07-30,370,25
2593,1000685,2020-07-30,637,5
2594,1000795,2020-07-30,370,1
2595,1001156,2020-07-31,494,10
2596,1001159,2020-07-31,8,2
2597,1000920,2020-07-31,370,10
2598,1000877,2020-07-31,158,10
2599,1000874,2020-07-31,306,10
2600,1000716,2020-07-31,518,7
2601,1001070,2020-08-01,523,3
2602,1001071,2020-08-01,457,8
2603,1000997,2020-08-01,9,7
2604,1000950,2020-08-01,361,3
2605,1000950,2020-08-01,144,3
2606,1001190,2020-08-02,523,5
2607,1001156,2020-08-02,27,12
2608,1001157,2020-08-02,28,8
2609,1000922,2020-08-02,494,4
2610,1000921,2020-08-02,17,8
2611,1000863,2020-08-02,523,8
2612,1001192,2020-08-03,18,9
2613,1001042,2020-08-03,89,9
2614,1000951,2020-08-03,505,10
2615,1000833,2020-08-03,370,5
2616,1000715,2020-08-03,158,5
2617,1000755,2020-08-03,518,25
2618,1000687,2020-08-03,144,1
2619,1001157,2020-08-04,565,10
2620,1000863,2020-08-04,370,10
2621,1000789,2020-08-04,145,2
2622,1001070,2020-08-05,21,7
2623,1000923,2020-08-05,561,3
2624,1000923,2020-08-05,22,3
2625,1000687,2020-08-05,357,3
2626,1000686,2020-08-05,561,7
2627,1000789,2020-08-05,370,3
2628,1001190,2020-08-05,62,7
2629,1001189,2020-08-06,370,7
2630,1001159,2020-08-06,89,8
2631,1001160,2020-08-06,603,4
2632,1000807,2020-08-06,306,4
2633,1000686,2020-08-06,561,8
2634,1000795,2020-08-06,349,8
2635,1001190,2020-08-06,637,8
2636,1001189,2020-08-06,349,3
2637,1000922,2020-08-07,136,9
2638,1000806,2020-08-07,370,9
2639,1000806,2020-08-07,12,9
2640,1000682,2020-08-07,13,25
2641,1001043,2020-08-08,14,10
2642,1000832,2020-08-08,558,5
2643,1000833,2020-08-08,644,10
2644,1000788,2020-08-08,527,2
2645,1001189,2020-08-08,349,5
2646,1001068,2020-08-09,637,1
2647,1000924,2020-08-09,370,3
2648,1000831,2020-08-09,4,1
2649,1001188,2020-08-09,5,1
2650,1001188,2020-08-10,518,7
2651,1001190,2020-08-10,6,12
2652,1001162,2020-08-10,29,4
2653,1001044,2020-08-10,170,8
2654,1000997,2020-08-10,644,16
2655,1000948,2020-08-10,158,2
2656,1000714,2020-08-10,353,7
2657,1001162,2020-08-11,561,5
2658,1001160,2020-08-11,30,9
2659,1000949,2020-08-11,370,8
2660,1000924,2020-08-11,170,5
2661,1000715,2020-08-11,112,13
2662,1000808,2020-08-11,370,5
2663,1001162,2020-08-11,561,5
2664,1001069,2020-08-12,523,9
2665,1001044,2020-08-12,565,10
2666,1001046,2020-08-12,352,2
2667,1000949,2020-08-12,523,9
2668,1000832,2020-08-12,89,9
2669,1000714,2020-08-12,561,9
2670,1000712,2020-08-12,527,4
2671,1000807,2020-08-12,152,10
2672,1001200,2020-08-13,158,4
2673,1001163,2020-08-13,145,3
2674,1001046,2020-08-13,455,3
2675,1000948,2020-08-13,614,5
2676,1000925,2020-08-13,158,3
2677,1000786,2020-08-13,527,3
2678,1001188,2020-08-13,534,5
2679,1001163,2020-08-13,145,3
2680,1001186,2020-08-14,518,1
2681,1001045,2020-08-14,565,8
2682,1001045,2020-08-14,158,8
2683,1000688,2020-08-14,580,8
2684,1000925,2020-08-15,370,5
2685,1000809,2020-08-15,112,5
2686,1000810,2020-08-15,644,1
2687,1000690,2020-08-15,518,1
2688,1000689,2020-08-15,144,5
2689,1000786,2020-08-15,145,5
2690,1001067,2020-08-16,19,3
2691,1000831,2020-08-16,494,8
2692,1000808,2020-08-16,614,10
2693,1000711,2020-08-16,603,3
2694,1000788,2020-08-16,370,10
2695,1000926,2020-08-17,494,3
2696,1000774,2020-08-17,561,3
2697,1001068,2020-08-18,20,10
2698,1001067,2020-08-18,637,5
2699,1000947,2020-08-18,370,5
2700,1001186,2020-08-19,15,6
2701,1001165,2020-08-19,16,5
2702,1001069,2020-08-19,25,16
2703,1001047,2020-08-19,558,5
2704,1000811,2020-08-19,370,1
2705,1000685,2020-08-19,561,25
2706,1000689,2020-08-19,370,9
2707,1000774,2020-08-19,26,5
2708,1001185,2020-08-19,505,1
2709,1001186,2020-08-19,10,6
2710,1000946,2020-08-20,455,2
2711,1000946,2020-08-20,457,2
2712,1000830,2020-08-20,623,7
2713,1000758,2020-08-20,457,30
2714,1000809,2020-08-20,455,10
2715,1001189,2020-08-21,523,18
2716,1001163,2020-08-21,533,11
2717,1001166,2020-08-21,11,3
2718,1001048,2020-08-21,352,3
2719,1000926,2020-08-21,158,7
2720,1000811,2020-08-21,623,3
2721,1000691,2020-08-21,565,3
2722,1001202,2020-08-23,580,1
2723,1001166,2020-08-23,136,5
2724,1001167,2020-08-23,136,1
2725,1001047,2020-08-23,455,9
2726,1001048,2020-08-23,455,5
2727,1000947,2020-08-23,558,10
2728,1000830,2020-08-23,637,10
2729,1000716,2020-08-23,505,30
2730,1000711,2020-08-23,370,10
2731,1000810,2020-08-23,561,9
2732,1000690,2020-08-23,637,9
2733,1000692,2020-08-23,494,1
2734,1001186,2020-08-23,494,10
2735,1001166,2020-08-23,136,5
2736,1001167,2020-08-23,136,1
2737,1001184,2020-08-24,370,1
2738,1001065,2020-08-24,614,1
2739,1001049,2020-08-24,170,2
2740,1000759,2020-08-24,152,30
2741,1001188,2020-08-25,357,17
2742,1001185,2020-08-25,7,7
2743,1001066,2020-08-25,614,7
2744,1001049,2020-08-25,565,3
2745,1000691,2020-08-25,558,7
2746,1001184,2020-08-25,8,2
2747,1001185,2020-08-25,9,7
2748,1001065,2020-08-26,27,3
2749,1000710,2020-08-26,158,8
2750,1001201,2020-08-27,370,3
2751,1001185,2020-08-27,565,9
2752,1001184,2020-08-27,28,4
2753,1000929,2020-08-27,17,1
2754,1000929,2020-08-27,306,1
2755,1000829,2020-08-27,370,9
2756,1000750,2020-08-27,62,9
2757,1000812,2020-08-27,561,5
2758,1000813,2020-08-27,18,1
2759,1000710,2020-08-27,523,9
2760,1001184,2020-08-27,23,4
2761,1001203,2020-08-28,24,16
2762,1001165,2020-08-28,349,14
2763,1001167,2020-08-28,1,6
2764,1000927,2020-08-28,158,10
2765,1000927,2020-08-28,2,10
2766,1000829,2020-08-28,637,10
2767,1000813,2020-08-28,62,2
2768,1001165,2020-08-28,349,14
2769,1001168,2020-08-29,3,3
2770,1001064,2020-08-29,158,1
2771,1000713,2020-08-29,370,3
2772,1001168,2020-08-29,21,3
2773,1001066,2020-08-30,22,12
2774,1000928,2020-08-30,89,8
2775,1000828,2020-08-30,15,7
2776,1001183,2020-08-31,370,3
2777,1001169,2020-08-31,16,1
2778,1000827,2020-08-31,455,3
2779,1000688,2020-08-31,158,25
2780,1000709,2020-08-31,25,8
2781,1000701,2020-08-31,26,1
2782,1001169,2020-08-31,10,1
2783,1001064,2020-09-01,11,4
2784,1000945,2020-09-01,62,9
2785,1000928,2020-09-01,370,10
2786,1000812,2020-09-01,455,10
2787,1000692,2020-09-01,306,10
2788,1000945,2020-09-02,518,10
2789,1000930,2020-09-02,643,3
2790,1000828,2020-09-02,614,10
2791,1000814,2020-09-02,370,3
2792,1001182,2020-09-03,533,1
2793,1001063,2020-09-03,112,1
2794,1000943,2020-09-03,455,1
2795,1000826,2020-09-03,7,1
2796,1000693,2020-09-03,629,8
2797,1001183,2020-09-03,8,6
2798,1001168,2020-09-04,9,9
2799,1001063,2020-09-04,27,2
2800,1001050,2020-09-04,361,9
2801,1000931,2020-09-04,505,1
2802,1000931,2020-09-04,561,1
2803,1000739,2020-09-04,170,13
2804,1000694,2020-09-04,361,5
2805,1000694,2020-09-04,565,5
2806,1000944,2020-09-05,306,8
2807,1000826,2020-09-05,349,3
2808,1000667,2020-09-05,145,2
2809,1000815,2020-09-05,518,2
2810,1000708,2020-09-05,457,8
2811,1000827,2020-09-06,306,9
2812,1000814,2020-09-06,561,7
2813,1000815,2020-09-06,637,3
2814,1000707,2020-09-06,370,4
2815,1001170,2020-09-07,565,4
2816,1000943,2020-09-07,352,5
2817,1000944,2020-09-07,152,10
2818,1000712,2020-09-07,158,30
2819,1001170,2020-09-07,565,4
2820,1001169,2020-09-08,422,9
2821,1001053,2020-09-08,614,1
2822,1001052,2020-09-08,523,5
2823,1000942,2020-09-08,629,1
2824,1000932,2020-09-08,158,1
2825,1000930,2020-09-08,629,9
2826,1000660,2020-09-08,457,1
2827,1000667,2020-09-08,145,5
2828,1000693,2020-09-08,623,13
2829,1001051,2020-09-09,62,10
2830,1000942,2020-09-09,158,2
2831,1001183,2020-09-10,218,13
2832,1001062,2020-09-10,158,3
2833,1000706,2020-09-10,561,3
2834,1000706,2020-09-10,112,3
2835,1001183,2020-09-10,218,13
2836,1000696,2020-09-11,89,4
2837,1001181,2020-09-12,144,5
2838,1001172,2020-09-12,505,1
2839,1000750,2020-09-12,361,25
2840,1000816,2020-09-12,112,5
2841,1000816,2020-09-12,629,5
2842,1000696,2020-09-12,629,5
2843,1000697,2020-09-12,518,1
2844,1000701,2020-09-12,455,13
2845,1001170,2020-09-13,30,10
2846,1001061,2020-09-13,112,1
2847,1001052,2020-09-13,370,10
2848,1000941,2020-09-13,457,1
2849,1000941,2020-09-13,644,1
2850,1000824,2020-09-13,352,1
2851,1001171,2020-09-14,170,7
2852,1000635,2020-09-14,370,3
2853,1001171,2020-09-14,170,7
2854,1000825,2020-09-15,565,8
2855,1000825,2020-09-15,457,8
2856,1000705,2020-09-15,357,3
2857,1001054,2020-09-16,614,5
2858,1000824,2020-09-16,518,4
2859,1000818,2020-09-16,353,1
2860,1000695,2020-09-16,89,13
2861,1000623,2020-09-16,518,1
2862,1000623,2020-09-16,629,1
2863,1000228,2020-09-16,487,4
2864,1001053,2020-09-17,614,10
2865,1000932,2020-09-17,170,10
2866,1000660,2020-09-17,112,10
2867,1000709,2020-09-17,370,25
2868,1001182,2020-09-17,628,15
2869,1001178,2020-09-18,533,1
2870,1001171,2020-09-18,44,11
2871,1000940,2020-09-18,112,1
2872,1000934,2020-09-18,527,7
2873,1000312,2020-09-18,370,1
2874,1000698,2020-09-18,629,3
2875,1000698,2020-09-18,644,3
2876,1001181,2020-09-18,28,11
2877,1000697,2020-09-19,644,8
2878,1000704,2020-09-19,370,2
2879,1000705,2020-09-19,561,7
2880,1001182,2020-09-20,17,18
2881,1001061,2020-09-20,18,8
2882,1001056,2020-09-20,158,1
2883,1001055,2020-09-20,26,5
2884,1000936,2020-09-20,144,1
2885,1000713,2020-09-20,457,25
2886,1000605,2020-09-20,75,1
2887,1000819,2020-09-20,152,1
2888,1000819,2020-09-20,518,1
2889,1000635,2020-09-20,457,9
2890,1001179,2020-09-20,370,8
2891,1001182,2020-09-20,10,18
2892,1001179,2020-09-21,523,9
2893,1001181,2020-09-21,11,14
2894,1001174,2020-09-21,7,2
2895,1001062,2020-09-21,8,14
2896,1001054,2020-09-21,75,10
2897,1000934,2020-09-21,523,10
2898,1000739,2020-09-21,357,30
2899,1000817,2020-09-21,518,10
2900,1000817,2020-09-21,561,10
2901,1000699,2020-09-21,370,2
2902,1000823,2020-09-21,62,4
2903,1001181,2020-09-21,9,14
2904,1001191,2020-09-22,27,3
2905,1001173,2020-09-22,306,7
2906,1000940,2020-09-22,28,5
2907,1000936,2020-09-22,17,3
2908,1000312,2020-09-22,639,5
2909,1000708,2020-09-22,614,25
2910,1001179,2020-09-23,18,11
2911,1000818,2020-09-23,643,8
2912,1001179,2020-09-23,23,11
2913,1001177,2020-09-24,24,2
2914,1000935,2020-09-24,561,9
2915,1000312,2020-09-24,1,7
2916,1000398,2020-09-24,370,2
2917,1001177,2020-09-24,2,2
2918,1001175,2020-09-25,3,2
2919,1001059,2020-09-25,584,3
2920,1000939,2020-09-25,361,3
2921,1000935,2020-09-25,349,10
2922,1000820,2020-09-25,494,2
2923,1000822,2020-09-25,561,3
2924,1000822,2020-09-25,306,3
2925,1000823,2020-09-25,629,8
2926,1000700,2020-09-25,352,2
2927,1000228,2020-09-25,370,13
2928,1001173,2020-09-26,10,11
2929,1001057,2020-09-26,158,3
2930,1001056,2020-09-26,428,7
2931,1000820,2020-09-26,614,3
2932,1001178,2020-09-26,136,9
2933,1001198,2020-09-27,306,1
2934,1001172,2020-09-27,406,16
2935,1000703,2020-09-27,637,5
2936,1000707,2020-09-27,518,25
2937,1000398,2020-09-27,152,5
2938,1001177,2020-09-27,518,5
2939,1001176,2020-09-28,361,1
2940,1001175,2020-09-28,144,5
2941,1000937,2020-09-28,349,5
2942,1000937,2020-09-28,603,5
2943,1000228,2020-09-28,599,16
2944,1000605,2020-09-29,644,10
2945,1000699,2020-09-29,518,10
2946,1000821,2020-09-29,370,2
2947,1001060,2020-09-30,465,13
2948,1000821,2020-09-30,136,3
2949,1001176,2020-09-30,455,3
2950,1001055,2020-10-01,558,16
2951,1001057,2020-10-01,185,8
2952,1001058,2020-10-01,598,4
2953,1001177,2020-10-02,357,10
2954,1001176,2020-10-02,502,5
2955,1000939,2020-10-02,370,10
2956,1000700,2020-10-02,370,9
2957,1000702,2020-10-02,136,5
2958,1000702,2020-10-02,349,5
2959,1000703,2020-10-02,643,10
2960,1001176,2020-10-02,502,5
2961,1001174,2020-10-03,306,14
2962,1001060,2020-10-03,357,16
2963,1000695,2020-10-03,518,30
2964,1000398,2020-10-03,511,11
2965,1001178,2020-10-04,584,17
2966,1001058,2020-10-04,457,7
2967,1001178,2020-10-04,584,17
2968,1000938,2020-10-06,580,9
2969,1000938,2020-10-06,370,9
2970,1000531,2020-10-06,561,13
2971,1000423,2020-10-07,142,10
2972,1000423,2020-10-11,457,14
2973,1000704,2020-10-12,144,25
2974,1000423,2020-10-13,565,16
2975,1000531,2020-10-13,370,20
2976,1001050,2020-10-15,565,50
2977,1001051,2020-10-19,370,50
2978,1001059,2020-11-11,457,50
2979,1001199,2020-11-14,21,1
2980,9999999,2019-05-09,530,4
2981,9999999,2019-05-09,57,3
2982,9999999,2019-05-09,136,3
2983,9999999,2019-05-09,623,3
2984,9999999,2019-05-10,112,4
2985,9999999,2019-05-10,505,4
2986,9999999,2019-05-11,284,5
2987,9999999,2019-05-11,136,5
2988,9999999,2019-05-11,158,5
2989,9999999,2019-05-11,467,5
2990,9999999,2019-05-11,580,5
2991,9999999,2019-05-11,455,1
2992,9999999,2019-05-12,565,2
2993,9999999,2019-05-12,22,2
2994,9999999,2019-05-13,152,3
2995,9999999,2019-05-13,603,8
2996,9999999,2019-05-13,639,7
2997,9999999,2019-05-13,523,7
2998,9999999,2019-05-13,534,3
2999,9999999,2020-09-25,349,10
3000,9999999,2020-09-25,494,2
3001,9999999,2020-09-25,561,3
3002,9999999,2020-09-25,306,3
3003,9999999,2020-09-25,629,8
3004,9999999,2020-09-25,352,2
3005,9999999,2020-09-25,370,13
3006,9999999,2020-09-26,11,11
3007,9999999,2020-09-26,158,3
3008,9999999,2020-09-26,428,7
3009,9999999,2020-09-26,614,3
3010,9999999,2020-09-26,136,9
3011,9999999,2020-09-27,306,1
3012,9999999,2020-09-27,406,16
3013,9999999,2020-09-27,637,5
3014,9999999,2020-09-27,518,25
3015,9999999,2020-09-27,152,5
3016,9999999,2020-09-27,518,5
3017,9999999,2020-09-28,361,1
3018,9999999,2020-09-28,144,5
3019,9999999,2020-09-28,349,5
3020,9999999,2020-09-28,603,5
3021,9999999,2020-09-28,599,16
3022,9999999,2020-09-29,644,10
3023,9999999,2020-09-29,518,10
3024,9999999,2020-09-29,370,2
3025,9999999,2020-09-30,465,13
3026,9999999,2020-09-30,136,3
3027,9999999,2020-09-30,455,3
3028,9999999,2020-10-01,558,16
3029,9999999,2020-10-01,185,8
3030,9999999,2020-10-01,598,4
3031,9999999,2020-10-02,357,10
3032,9999999,2020-10-02,502,5
3033,9999999,2020-10-02,370,10
3034,9999999,2020-10-02,370,9
3035,9999999,2020-10-02,136,5
3036,9999999,2020-10-02,349,5
3037,9999999,2020-10-02,643,10
3038,9999999,2020-10-02,502,5
3039,9999999,2020-10-03,306,14
3040,9999999,2020-10-03,357,16
3041,9999999,2020-10-03,518,30
3042,9999999,2020-10-03,511,11
3043,9999999,2020-10-04,584,17
3044,9999999,2020-10-04,457,7
3045,9999999,2020-10-04,584,17
3046,9999999,2020-10-06,580,9
3047,9999999,2020-10-06,370,9
3048,9999999,2020-10-06,561,13
3049,9999999,2020-10-07,142,10
3050,9999999,2020-10-11,457,14
3051,9999999,2020-10-12,144,25
3052,9999999,2020-10-13,565,16
3053,9999999,2020-10-13,370,20
3054,9999999,2020-10-15,565,50
3055,9999999,2020-10-19,370,50
3056,9999999,2020-09-06,637,3
3057,9999999,2020-09-06,370,4
3058,9999999,2020-09-07,565,4
3059,9999999,2020-09-07,352,5
3060,9999999,2020-09-07,152,10
3061,9999999,2020-09-07,158,30
3062,9999999,2020-09-07,565,4
3063,9999999,2020-09-08,422,9
3064,9999999,2020-09-08,614,1
3065,9999999,2020-09-08,523,5
3066,9999999,2020-09-08,629,1
3067,9999999,2020-09-08,158,1
3068,9999999,2020-09-08,629,9
3069,9999999,2020-09-08,457,1
3070,9999999,2020-09-08,145,5
3071,9999999,2020-09-08,623,13
3072,9999999,2020-09-09,62,10
3073,9999999,2020-09-09,158,2
3074,9999999,2020-09-10,218,13
3075,9999999,2020-09-10,158,3
3076,9999999,2020-09-10,561,3
3077,9999999,2020-09-10,112,3
3078,9999999,2020-09-10,218,13
3079,9999999,2020-09-11,89,4
3080,9999999,2020-09-12,144,5
3081,9999999,2020-09-12,505,1
3082,9999999,2020-09-12,361,25
3083,9999999,2020-09-12,112,5
3084,9999999,2020-09-12,629,5
3085,9999999,2020-09-12,629,5
3086,9999999,2020-09-12,518,1
3087,9999999,2020-09-12,455,13
3088,9999999,2020-09-13,30,10
3089,9999999,2020-09-13,112,1
3090,9999999,2020-09-13,370,10
3091,9999999,2020-09-13,457,1
3092,9999999,2020-09-13,644,1
3093,9999999,2020-09-13,352,1
3094,9999999,2020-09-14,170,7
3095,9999999,2020-09-14,370,3
3096,9999999,2020-09-14,170,7
3097,9999999,2020-09-15,565,8
3098,9999999,2020-09-15,457,8
3099,9999999,2020-09-15,357,3
3100,9999999,2020-09-16,614,5
3101,9999999,2020-09-16,518,4
3102,9999999,2020-09-16,353,1
3103,9999999,2020-09-16,89,13
3104,9999999,2020-09-16,518,1
3105,9999999,2020-09-16,629,1
3106,9999999,2020-09-16,487,4
3107,9999999,2020-09-17,614,10
3108,9999999,2020-09-17,170,10
3109,9999999,2020-09-17,112,10
3110,9999999,2020-09-17,370,25
3111,9999999,2020-09-17,628,15
3112,9999999,2020-09-18,533,1
3113,9999999,2020-09-18,44,11
3114,9999999,2020-09-18,112,1
3115,9999999,2020-09-18,527,7
